delta,alpha,beta,omega,gamma,x_mean,x_rms,x_max,x_min,x_std,dom_freq,periodic,label_gamma
0.3366327592946544,-0.4604265724722594,0.04097352393619469,0.5165276355285291,0.1,3.277499480514148,3.3085428650845645,3.9369085010467053,0.1,0.4521648430953814,0.07998399999999999,False,0.1
0.3366327592946544,-0.4604265724722594,0.04097352393619469,0.5165276355285291,0.2,3.2757838516073448,3.3060049619208405,3.854079166714242,0.1,0.44599211404885253,0.07998399999999999,False,0.2
0.3366327592946544,-0.4604265724722594,0.04097352393619469,0.5165276355285291,0.3,3.257217280703902,3.292789811071186,4.044656394551347,0.1,0.48270107331358936,0.07998399999999999,False,0.3
0.3366327592946544,-0.4604265724722594,0.04097352393619469,0.5165276355285291,0.4,3.220855276601566,3.267942560288579,4.256609098441624,0.1,0.5527566051467161,0.07998399999999999,False,0.4
0.3366327592946544,-0.4604265724722594,0.04097352393619469,0.5165276355285291,0.5,3.1620614586349713,3.2282710838286417,4.501596757533115,0.1,0.6504625450396284,0.07998399999999999,False,0.5
0.3366327592946544,-0.4604265724722594,0.04097352393619469,0.5165276355285291,0.6,3.064010977444103,3.1628741597662633,4.787395374443755,0.1,0.7846079789418277,0.07998399999999999,False,0.6
0.3366327592946544,-0.4604265724722594,0.04097352393619469,0.5165276355285291,0.7,2.66384143313732,3.023299973042084,4.9157549777485725,-4.376238806481637,1.4297872380522822,0.08498299999999999,False,0.7
0.3366327592946544,-0.4604265724722594,0.04097352393619469,0.5165276355285291,0.7999999999999999,-1.1688728077316732,2.737108128980477,5.074716764198741,-5.1030857407920385,2.4749741956385085,0.009997999999999998,False,0.7999999999999999
0.3366327592946544,-0.4604265724722594,0.04097352393619469,0.5165276355285291,0.8999999999999999,0.34301378066766136,3.09125897672163,5.215850244083173,-5.114546261731563,3.0721692022794143,0.07998399999999999,False,0.8999999999999999
0.3366327592946544,-0.4604265724722594,0.04097352393619469,0.5165276355285291,0.9999999999999999,0.08633643900008488,3.279448162810198,5.39951117111904,-5.3986206404672785,3.2783114970758906,0.08498299999999999,False,0.9999999999999999
0.3366327592946544,-0.4604265724722594,0.04097352393619469,0.5165276355285291,1.0999999999999999,0.08650498599374717,3.355315829817845,5.574440155683537,-5.575993803801528,3.3542005314567045,0.07998399999999999,False,1.0999999999999999
0.3366327592946544,-0.4604265724722594,0.04097352393619469,0.5165276355285291,1.2,0.08510809159793535,3.4057784127156494,5.701896807171361,-5.72659264218837,3.4047148499198117,0.07998399999999999,False,1.2
0.3366327592946544,-0.4604265724722594,0.04097352393619469,0.5165276355285291,1.3,0.08374558944346314,3.447178717511659,5.880723540443186,-5.802125887458288,3.4461613117661942,0.07998399999999999,False,1.3
0.3366327592946544,-0.4604265724722594,0.04097352393619469,0.5165276355285291,1.4,0.08443246862964825,3.48332912840084,6.001862597002674,-5.8751925933789835,3.482305698098152,0.07998399999999999,False,1.4
0.3366327592946544,-0.4604265724722594,0.04097352393619469,0.5165276355285291,1.5,0.08772257908635891,3.5158314908953785,6.087758341084983,-5.967035155596051,3.5147369491172533,0.07998399999999999,False,1.5
0.4159716076401226,0.8255111545554434,0.6066357757671799,1.2294965609839985,0.1,-0.00021394801425942927,0.08436066960744092,0.16210070730557719,-0.15955966053480403,0.0843603983090585,0.19496099999999997,True,0.1
0.4159716076401226,0.8255111545554434,0.6066357757671799,1.2294965609839985,0.2,-0.0006952567185539816,0.17032706194525846,0.30338665863250264,-0.2834606312587231,0.170325642957833,0.19496099999999997,True,0.2
0.4159716076401226,0.8255111545554434,0.6066357757671799,1.2294965609839985,0.3,-0.001205005707677411,0.2638813211625419,0.4471491969209721,-0.437103463534496,0.26387856983797126,0.19496099999999997,True,0.3
0.4159716076401226,0.8255111545554434,0.6066357757671799,1.2294965609839985,0.4,-0.0017870819208124164,0.37347157080483423,0.5926437877619305,-0.6032772328784077,0.3734672951379259,0.19496099999999997,True,0.4
0.4159716076401226,0.8255111545554434,0.6066357757671799,1.2294965609839985,0.5,-0.0025676315657189542,0.5265744003593881,0.7887571035138466,-0.7872882102001401,0.5265681403028405,0.19496099999999997,True,0.5
0.4159716076401226,0.8255111545554434,0.6066357757671799,1.2294965609839985,0.6,-0.0029369019601695407,0.7985391060186533,1.182334357349156,-1.1823372164721735,0.7985337052673146,0.19496099999999997,True,0.6
0.4159716076401226,0.8255111545554434,0.6066357757671799,1.2294965609839985,0.7,-0.0017613850009555421,0.9175113485015561,1.356181031062162,-1.3568848061551548,0.9175096577976837,0.19496099999999997,True,0.7
0.4159716076401226,0.8255111545554434,0.6066357757671799,1.2294965609839985,0.7999999999999999,-0.0007528216412448373,0.982082837321375,1.467230635919404,-1.4726273331138207,0.9820825487813023,0.19496099999999997,True,0.7999999999999999
0.4159716076401226,0.8255111545554434,0.6066357757671799,1.2294965609839985,0.8999999999999999,9.058641819965132e-05,1.0294473318834134,1.5648697277280301,-1.566261391734514,1.029447327897829,0.19496099999999997,True,0.8999999999999999
0.4159716076401226,0.8255111545554434,0.6066357757671799,1.2294965609839985,0.9999999999999999,0.0008138521232848802,1.0681021568558893,1.6443009052049962,-1.6497319526178105,1.06810184679408,0.19496099999999997,True,0.9999999999999999
0.4159716076401226,0.8255111545554434,0.6066357757671799,1.2294965609839985,1.0999999999999999,0.0014487837876197985,1.1013836862494457,1.7303098123982545,-1.698214588878888,1.1013827333683572,0.19496099999999997,True,1.0999999999999999
0.4159716076401226,0.8255111545554434,0.6066357757671799,1.2294965609839985,1.2,0.002014053246251053,1.130962907848558,1.792377094018373,-1.7757457051258836,1.1309611145034064,0.19496099999999997,True,1.2
0.4159716076401226,0.8255111545554434,0.6066357757671799,1.2294965609839985,1.3,0.002519943517334866,1.1578039091519698,1.8340647260840641,-1.856936375576744,1.1578011668383532,0.19496099999999997,True,1.3
0.4159716076401226,0.8255111545554434,0.6066357757671799,1.2294965609839985,1.4,0.0029788608668665645,1.1825174599950432,1.8590830907152083,-1.9247499059866433,1.1825137079886492,0.19496099999999997,True,1.4
0.4159716076401226,0.8255111545554434,0.6066357757671799,1.2294965609839985,1.5,0.00340902830169499,1.2055171937929556,1.890902150188251,-1.9803546880372007,1.2055123736637798,0.19496099999999997,True,1.5
0.2946312461594403,0.8701448475755365,0.8158535541215322,0.5027385001701481,0.1,-0.00010994160512433417,0.10874191937708921,0.154859760864418,-0.17341086239590822,0.10874186379981186,0.07998399999999999,True,0.1
0.2946312461594403,0.8701448475755365,0.8158535541215322,0.5027385001701481,0.2,-9.18496536390478e-05,0.206020180290028,0.2949784226086182,-0.36339344359549547,0.20602015981543353,0.07998399999999999,True,0.2
0.2946312461594403,0.8701448475755365,0.8158535541215322,0.5027385001701481,0.3,0.00023351528113480313,0.28810868710827864,0.4176130385535651,-0.523211178344065,0.28810859247490256,0.07998399999999999,True,0.3
0.2946312461594403,0.8701448475755365,0.8158535541215322,0.5027385001701481,0.4,0.00041388376648042035,0.3567622649649586,0.5270260565560659,-0.6539528829948129,0.35676202488935843,0.07998399999999999,True,0.4
0.2946312461594403,0.8701448475755365,0.8158535541215322,0.5027385001701481,0.5,0.00023386135269288637,0.4147946182048886,0.63259059404998,-0.7603609842408628,0.4147945522793266,0.07998399999999999,True,0.5
0.2946312461594403,0.8701448475755365,0.8158535541215322,0.5027385001701481,0.6,-0.00018823484661039628,0.46459017344195047,0.7510910994052569,-0.8474680608113332,0.46459013530903137,0.07998399999999999,True,0.6
0.2946312461594403,0.8701448475755365,0.8158535541215322,0.5027385001701481,0.7,-0.0007102594904591364,0.5079592454826096,0.8647156113000337,-0.9191490573331661,0.5079587489183724,0.07998399999999999,True,0.7
0.2946312461594403,0.8701448475755365,0.8158535541215322,0.5027385001701481,0.7999999999999999,-0.0011926097624631318,0.5462872400920068,0.9646953987845881,-0.9788383310487223,0.5462859382862572,0.07998399999999999,True,0.7999999999999999
0.2946312461594403,0.8701448475755365,0.8158535541215322,0.5027385001701481,0.8999999999999999,-0.001503159029777901,0.5807161479164556,1.0486790558109875,-1.0286843213429073,0.5807142024816149,0.07998399999999999,True,0.8999999999999999
0.2946312461594403,0.8701448475755365,0.8158535541215322,0.5027385001701481,0.9999999999999999,-0.0016282306831069547,0.612299698728968,1.1160733692686415,-1.0705330885220565,0.6122975338252046,0.07998399999999999,True,0.9999999999999999
0.2946312461594403,0.8701448475755365,0.8158535541215322,0.5027385001701481,1.0999999999999999,-0.0017128188105531167,0.6420964889954185,1.1680363074816125,-1.1583756517513775,0.6420942044840195,0.07998399999999999,True,1.0999999999999999
0.2946312461594403,0.8701448475755365,0.8158535541215322,0.5027385001701481,1.2,-0.0018751528156694035,0.6712362383296251,1.2085571894053013,-1.2300645027307155,0.6712336191288568,0.07998399999999999,True,1.2
0.2946312461594403,0.8701448475755365,0.8158535541215322,0.5027385001701481,1.3,-0.002067153206337002,0.7010210137553312,1.2854910268876063,-1.2834322642772513,0.7010179659639073,0.07998399999999999,True,1.3
0.2946312461594403,0.8701448475755365,0.8158535541215322,0.5027385001701481,1.4,-0.0022289935178506177,0.7331133645138583,1.3432242685489006,-1.3439082054667235,0.7331099759358939,0.07998399999999999,True,1.4
0.2946312461594403,0.8701448475755365,0.8158535541215322,0.5027385001701481,1.5,-0.0023332358480180437,0.7697943916728528,1.3985146980929943,-1.3988329819465823,0.7697908556624031,0.07998399999999999,True,1.5
0.4358319244644062,-0.9328288493890713,0.7296554464299441,0.675655620602559,0.1,1.1157656694487605,1.1214656242053342,1.3645662631490107,0.1,0.11292527243190288,0.10497899999999998,False,0.1
0.4358319244644062,-0.9328288493890713,0.7296554464299441,0.675655620602559,0.2,1.1054842831717826,1.1144884735975134,1.3964969740389765,0.1,0.14138266315883624,0.10997799999999998,False,0.2
0.4358319244644062,-0.9328288493890713,0.7296554464299441,0.675655620602559,0.3,1.080582582727691,1.0980010580350168,1.5330274327058129,0.1,0.19480145110231967,0.10997799999999998,False,0.3
0.4358319244644062,-0.9328288493890713,0.7296554464299441,0.675655620602559,0.4,-0.979454733565738,1.062057364495658,1.474132158462596,-1.5109942515697286,0.41065103235610173,0.10997799999999998,False,0.4
0.4358319244644062,-0.9328288493890713,0.7296554464299441,0.675655620602559,0.5,0.9283289829465482,1.0242339833089793,1.6987971373742863,-1.4799979283818023,0.43273612281205054,0.10997799999999998,False,0.5
0.4358319244644062,-0.9328288493890713,0.7296554464299441,0.675655620602559,0.6,0.021299963242631222,1.076750285232009,1.8053312092560878,-1.8079411669658165,1.0765395897564916,0.10997799999999998,False,0.6
0.4358319244644062,-0.9328288493890713,0.7296554464299441,0.675655620602559,0.7,0.02031275203877381,1.1019137473535496,1.8952696882385958,-1.8738311439537823,1.1017265081277448,0.10997799999999998,False,0.7
0.4358319244644062,-0.9328288493890713,0.7296554464299441,0.675655620602559,0.7999999999999999,0.021043181411151603,1.1207549550809042,1.954474511997842,-1.9245007134131333,1.120557385346461,0.10997799999999998,False,0.7999999999999999
0.4358319244644062,-0.9328288493890713,0.7296554464299441,0.675655620602559,0.8999999999999999,0.02431409808260016,1.1364867739481006,1.99149894670058,-2.003822141280086,1.1362266552028213,0.10997799999999998,False,0.8999999999999999
0.4358319244644062,-0.9328288493890713,0.7296554464299441,0.675655620602559,0.9999999999999999,0.043310275535496164,1.150086364164394,2.0472756897824693,-2.07019030974618,1.1492705795720668,0.10997799999999998,False,0.9999999999999999
0.4358319244644062,-0.9328288493890713,0.7296554464299441,0.675655620602559,1.0999999999999999,0.11026682985451927,1.1600460759328124,2.091432455215579,-2.1265176804855352,1.1547935419463302,0.10997799999999998,False,1.0999999999999999
0.4358319244644062,-0.9328288493890713,0.7296554464299441,0.675655620602559,1.2,0.1554705545082789,1.1714616908456528,2.12937530334059,-2.1754301538346863,1.16109922048025,0.10997799999999998,False,1.2
0.4358319244644062,-0.9328288493890713,0.7296554464299441,0.675655620602559,1.3,0.1938825372839783,1.1857086432761765,2.176314560689543,-2.219220431195015,1.169749780284723,0.10997799999999998,False,1.3
0.4358319244644062,-0.9328288493890713,0.7296554464299441,0.675655620602559,1.4,0.2235869887069899,1.2041955264884494,2.226068981812099,-2.257868109613156,1.1832564069109173,0.10497899999999998,False,1.4
0.4358319244644062,-0.9328288493890713,0.7296554464299441,0.675655620602559,1.5,-0.2524997042162125,1.2362354793443844,2.2077053485215665,-2.2922521333729557,1.2101743922925179,0.10497899999999998,False,1.5
0.43843051505744896,0.08292244049818343,0.2997118905373848,0.9226872211976584,0.1,0.0021777907241223187,0.08383850538243605,0.20322452347741707,-0.12733125532124884,0.08381021544133319,0.14497099999999996,True,0.1
0.43843051505744896,0.08292244049818343,0.2997118905373848,0.9226872211976584,0.2,0.0017293534155933949,0.16674119727944176,0.32325823557675737,-0.2681213704245577,0.16673222905888857,0.14497099999999996,True,0.2
0.43843051505744896,0.08292244049818343,0.2997118905373848,0.9226872211976584,0.3,0.0016018586374445035,0.25342870013819185,0.4403738359753221,-0.4392969018255709,0.25342363761622394,0.14497099999999996,True,0.3
0.43843051505744896,0.08292244049818343,0.2997118905373848,0.9226872211976584,0.4,0.001952069652341229,0.34630919357238177,0.5537191016037049,-0.6220379454421221,0.34630369183250964,0.14497099999999996,True,0.4
0.43843051505744896,0.08292244049818343,0.2997118905373848,0.9226872211976584,0.5,0.002509898735000444,0.45012067220946517,0.6771116705740207,-0.8114074550324588,0.4501136744852803,0.14497099999999996,True,0.5
0.43843051505744896,0.08292244049818343,0.2997118905373848,0.9226872211976584,0.6,0.002802381694537131,0.5759340444015512,0.9443753590070445,-1.0009899202100039,0.5759272264423397,0.14497099999999996,True,0.6
0.43843051505744896,0.08292244049818343,0.2997118905373848,0.9226872211976584,0.7,0.0034404329446038433,0.7752789334626389,1.230461304365549,-1.2190884998758789,0.7752712996700707,0.14497099999999996,True,0.7
0.43843051505744896,0.08292244049818343,0.2997118905373848,0.9226872211976584,0.7999999999999999,0.012985315257476376,1.314968719824164,1.9913917434818822,-1.9915618262116697,1.3149046032711518,0.14497099999999996,True,0.7999999999999999
0.43843051505744896,0.08292244049818343,0.2997118905373848,0.9226872211976584,0.8999999999999999,0.014658507430455549,1.3946692733557815,2.1230220570436846,-2.121366188102017,1.3945922379687385,0.14497099999999996,True,0.8999999999999999
0.43843051505744896,0.08292244049818343,0.2997118905373848,0.9226872211976584,0.9999999999999999,0.015691011916613467,1.4473985685796642,2.224625099461142,-2.231143687988026,1.4473135142295512,0.14497099999999996,True,0.9999999999999999
0.43843051505744896,0.08292244049818343,0.2997118905373848,0.9226872211976584,1.0999999999999999,0.01642954775766327,1.4892490954310342,2.3297973352276395,-2.3031288883518455,1.4891584664509792,0.14497099999999996,True,1.0999999999999999
0.43843051505744896,0.08292244049818343,0.2997118905373848,0.9226872211976584,1.2,0.017021825739092594,1.5249165767054356,2.381357823696295,-2.419073952253475,1.5248215709910233,0.14497099999999996,True,1.2
0.43843051505744896,0.08292244049818343,0.2997118905373848,0.9226872211976584,1.3,0.01756155159305135,1.5564910574626982,2.42094809047597,-2.498355894323644,1.556391982717398,0.14497099999999996,True,1.3
0.43843051505744896,0.08292244049818343,0.2997118905373848,0.9226872211976584,1.4,0.018049172953750296,1.585103698147544,2.531130917533558,-2.5520691613398427,1.585000934143796,0.14497099999999996,True,1.4
0.43843051505744896,0.08292244049818343,0.2997118905373848,0.9226872211976584,1.5,0.018433897671770342,1.611442732067282,2.6252120678851427,-2.5861986577667975,1.6113372924838214,0.14497099999999996,True,1.5
0.06274385201545833,-0.7514334470008721,0.6706244146936303,1.14718951157425,0.1,0.8942534066095704,0.9570677948284305,1.4641706012650395,0.08719389618603564,0.34101262244223857,0.029993999999999993,False,0.1
0.06274385201545833,-0.7514334470008721,0.6706244146936303,1.14718951157425,0.2,-0.108430201609647,0.9138929407160025,1.6030028749871865,-1.5994262534864865,0.9074377105176059,0.014996999999999996,False,0.2
0.06274385201545833,-0.7514334470008721,0.6706244146936303,1.14718951157425,0.3,-0.05618704921277128,0.9504566356688977,1.7253931127541726,-1.7754535573986385,0.9487944096524817,0.029993999999999993,False,0.3
0.06274385201545833,-0.7514334470008721,0.6706244146936303,1.14718951157425,0.4,0.03893983909129192,1.394608364605697,2.4822266713004923,-2.457464479369931,1.3940646253168183,0.18496299999999996,True,0.4
0.06274385201545833,-0.7514334470008721,0.6706244146936303,1.14718951157425,0.5,0.07847676746066114,1.3398303884390206,2.5235292356368944,-2.488284492085974,1.3375301367646195,0.18496299999999996,False,0.5
0.06274385201545833,-0.7514334470008721,0.6706244146936303,1.14718951157425,0.6,0.04850604692870246,1.4293657581770076,2.5857266533909997,-2.652791431217095,1.428542485913626,0.18496299999999996,False,0.6
0.06274385201545833,-0.7514334470008721,0.6706244146936303,1.14718951157425,0.7,-0.0036901131029455983,1.4530573703784742,2.5893841703809395,-2.670983469888869,1.4530526847559568,0.18496299999999996,False,0.7
0.06274385201545833,-0.7514334470008721,0.6706244146936303,1.14718951157425,0.7999999999999999,0.00037272554810110706,1.4629755378764109,2.6859770130207434,-2.7768691927374034,1.4629754903963497,0.18496299999999996,False,0.7999999999999999
0.06274385201545833,-0.7514334470008721,0.6706244146936303,1.14718951157425,0.8999999999999999,-0.027626330452135296,1.4540900735048634,2.8361427879665575,-2.8120572225798197,1.4538276127970362,0.18496299999999996,False,0.8999999999999999
0.06274385201545833,-0.7514334470008721,0.6706244146936303,1.14718951157425,0.9999999999999999,0.004112264353895091,1.5035552664785845,2.887244297503901,-2.785738436209743,1.503549642890906,0.18496299999999996,False,0.9999999999999999
0.06274385201545833,-0.7514334470008721,0.6706244146936303,1.14718951157425,1.0999999999999999,0.0405680666271249,1.475683765087945,2.9224183617523702,-2.8786311900335173,1.475126030722213,0.18496299999999996,False,1.0999999999999999
0.06274385201545833,-0.7514334470008721,0.6706244146936303,1.14718951157425,1.2,0.0008205511919117456,1.5258486399283269,2.9018736619300687,-2.9702834824180524,1.525848419295595,0.18496299999999996,False,1.2
0.06274385201545833,-0.7514334470008721,0.6706244146936303,1.14718951157425,1.3,-0.011101868267185552,1.5399347694123484,2.9889234901423216,-3.0036898760959594,1.5398947504833052,0.18496299999999996,False,1.3
0.06274385201545833,-0.7514334470008721,0.6706244146936303,1.14718951157425,1.4,0.0028455579354821014,1.551621246835953,2.937090663820447,-3.0062083271257682,1.5516186375629781,0.18496299999999996,False,1.4
0.06274385201545833,-0.7514334470008721,0.6706244146936303,1.14718951157425,1.5,0.016304759572021727,1.5595340199417775,3.0121901467350853,-2.9890131500944475,1.5594487853632963,0.18496299999999996,False,1.5
0.32692330016656423,-0.23264489147623313,0.997209935789211,1.48083533877623,0.1,0.47174830114315164,0.4753819625902533,0.559379041805077,0.1,0.058664731523389246,0.23495299999999997,False,0.1
0.32692330016656423,-0.23264489147623313,0.997209935789211,1.48083533877623,0.2,0.4588616175355694,0.46666896197859475,0.5959669152217522,0.1,0.0850055058617966,0.23495299999999997,True,0.2
0.32692330016656423,-0.23264489147623313,0.997209935789211,1.48083533877623,0.3,0.43746240194357217,0.4525647365841161,0.6310633464236963,0.1,0.11593743004401534,0.23495299999999997,True,0.3
0.32692330016656423,-0.23264489147623313,0.997209935789211,1.48083533877623,0.4,0.4083846762416221,0.4339155855888241,0.6445063340568015,0.1,0.1466447804318913,0.23495299999999997,True,0.4
0.32692330016656423,-0.23264489147623313,0.997209935789211,1.48083533877623,0.5,0.3719516533249007,0.4113768918616291,0.6562930340448992,0.08139689622845497,0.17573535428765447,0.23495299999999997,True,0.5
0.32692330016656423,-0.23264489147623313,0.997209935789211,1.48083533877623,0.6,0.32760246346374416,0.3853217845732749,0.665590924997384,-0.009420249116667589,0.2028534042090973,0.23495299999999997,True,0.6
0.32692330016656423,-0.23264489147623313,0.997209935789211,1.48083533877623,0.7,0.2720376500043004,0.35520928679406344,0.6429971466759461,-0.12211919923247758,0.2284056794497128,0.23495299999999997,True,0.7
0.32692330016656423,-0.23264489147623313,0.997209935789211,1.48083533877623,0.7999999999999999,-0.1903939490546832,0.3242464481571242,0.6646587182266501,-0.5822263025007637,0.26246124153077033,0.23495299999999997,True,0.7999999999999999
0.32692330016656423,-0.23264489147623313,0.997209935789211,1.48083533877623,0.8999999999999999,-0.07501711621416611,0.2902309155839164,0.7198712717581804,-0.701253596633871,0.28036835883456734,0.23495299999999997,True,0.8999999999999999
0.32692330016656423,-0.23264489147623313,0.997209935789211,1.48083533877623,0.9999999999999999,-0.0003922890843170695,0.3183865410415056,0.7969588591307142,-0.8286005490591806,0.3183862993686265,0.23495299999999997,True,0.9999999999999999
0.32692330016656423,-0.23264489147623313,0.997209935789211,1.48083533877623,1.0999999999999999,-0.0010834357397958897,0.3488334778955692,0.824257132786388,-0.7789456047297473,0.34883179537954434,0.23495299999999997,True,1.0999999999999999
0.32692330016656423,-0.23264489147623313,0.997209935789211,1.48083533877623,1.2,0.0006607725767002361,0.38144180200643313,0.8733275352297605,-0.8677450005655218,0.3814412296770196,0.23495299999999997,True,1.2
0.32692330016656423,-0.23264489147623313,0.997209935789211,1.48083533877623,1.3,0.003294522933661861,0.42506599648609605,0.9211352611165811,-1.0070001419318193,0.4250532290047417,0.23495299999999997,True,1.3
0.32692330016656423,-0.23264489147623313,0.997209935789211,1.48083533877623,1.4,0.0018150518362660929,0.4688142955406276,0.9870651227580807,-1.1352759203068825,0.4688107819686814,0.23495299999999997,True,1.4
0.32692330016656423,-0.23264489147623313,0.997209935789211,1.48083533877623,1.5,0.0013890835373487054,0.5259342426118362,1.2655256570154718,-1.253253055899293,0.525932408203385,0.23495299999999997,True,1.5
0.3584938930163126,0.3009185525356326,0.6884467305709401,0.8889214239791038,0.1,5.766050502110503e-05,0.12535642451751547,0.21548481855505733,-0.24595719441301678,0.12535641125639213,0.13997199999999999,True,0.1
0.3584938930163126,0.3009185525356326,0.6884467305709401,0.8889214239791038,0.2,-0.00030904593507345127,0.27217673142347587,0.4667129323268744,-0.451686519313276,0.27217655596868906,0.13997199999999999,True,0.2
0.3584938930163126,0.3009185525356326,0.6884467305709401,0.8889214239791038,0.3,0.0024306488101638896,0.6353482556172928,0.9560314489316561,-0.956035722648954,0.6353436061394641,0.13997199999999999,True,0.3
0.3584938930163126,0.3009185525356326,0.6884467305709401,0.8889214239791038,0.4,0.00607273372281915,0.7710848388104806,1.1674577179524184,-1.164299283008459,0.7710609253155787,0.13997199999999999,True,0.4
0.3584938930163126,0.3009185525356326,0.6884467305709401,0.8889214239791038,0.5,0.007661872313382797,0.8318665302161097,1.2999515943739208,-1.283476976594066,0.8318312447885348,0.13997199999999999,True,0.5
0.3584938930163126,0.3009185525356326,0.6884467305709401,0.8889214239791038,0.6,0.008718623351386179,0.8764761406507735,1.3577341766297613,-1.4096137283964558,0.8764327759371685,0.13997199999999999,True,0.6
0.3584938930163126,0.3009185525356326,0.6884467305709401,0.8889214239791038,0.7,0.009609393021296816,0.9132091635875705,1.4768365466636941,-1.4795074496638791,0.9131586039818452,0.13997199999999999,True,0.7
0.3584938930163126,0.3009185525356326,0.6884467305709401,0.8889214239791038,0.7999999999999999,0.010329798001386253,0.9450567481535913,1.5779082806388323,-1.5123430320037643,0.945000292330056,0.13997199999999999,True,0.7999999999999999
0.3584938930163126,0.3009185525356326,0.6884467305709401,0.8889214239791038,0.8999999999999999,0.010735198796176045,0.9734740419909428,1.6561242172368238,-1.5221768654524512,0.9734148478100126,0.13997199999999999,True,0.8999999999999999
0.3584938930163126,0.3009185525356326,0.6884467305709401,0.8889214239791038,0.9999999999999999,0.010870530424422466,0.9993024466051387,1.7168755289795794,-1.5834955386550897,0.9992433193968864,0.13997199999999999,True,0.9999999999999999
0.3584938930163126,0.3009185525356326,0.6884467305709401,0.8889214239791038,1.0999999999999999,0.010919941887400296,1.023085307611016,1.7629881323103505,-1.6714355510049614,1.0230270287332115,0.13997199999999999,True,1.0999999999999999
0.3584938930163126,0.3009185525356326,0.6884467305709401,0.8889214239791038,1.2,0.011050585436408227,1.0451826298009503,1.7973308401794255,-1.7512375136868488,1.045124209938294,0.13997199999999999,True,1.2
0.3584938930163126,0.3009185525356326,0.6884467305709401,0.8889214239791038,1.3,0.011356009275596069,1.06583916967699,1.8227881770951195,-1.8249334205313528,1.0657786715219386,0.13997199999999999,True,1.3
0.3584938930163126,0.3009185525356326,0.6884467305709401,0.8889214239791038,1.4,0.011876079630690527,1.0852417305567255,1.8395130396089943,-1.8925009482427453,1.0851767471128202,0.13997199999999999,True,1.4
0.3584938930163126,0.3009185525356326,0.6884467305709401,0.8889214239791038,1.5,0.012627730949288686,1.1035516501109635,1.850263147034135,-1.9547921210174897,1.1034793993880008,0.13997199999999999,True,1.5
0.11079342726008505,0.4429766803881634,0.5253543224757259,0.8102418755589557,0.1,-0.004163446945805773,0.5828457982580236,0.9338570450137401,-0.9341705469803107,0.5828309276767683,0.12997399999999998,True,0.1
0.11079342726008505,0.4429766803881634,0.5253543224757259,0.8102418755589557,0.2,-0.005528901883375316,0.6923574049581561,1.1932149139331758,-1.204166545973577,0.6923353287564893,0.12997399999999998,True,0.2
0.11079342726008505,0.4429766803881634,0.5253543224757259,0.8102418755589557,0.3,-0.005585072550597563,0.7607662768163467,1.346454228884588,-1.375651996721978,0.7607457754766771,0.12997399999999998,True,0.3
0.11079342726008505,0.4429766803881634,0.5253543224757259,0.8102418755589557,0.4,-0.006229600227670399,0.8150131290871333,1.4519972316495025,-1.5131012288820938,0.8149893205836525,0.12997399999999998,True,0.4
0.11079342726008505,0.4429766803881634,0.5253543224757259,0.8102418755589557,0.5,-0.005418113449542892,0.8609744446756142,1.6182573547894066,-1.5591561850957651,0.8609573964088643,0.12997399999999998,True,0.5
0.11079342726008505,0.4429766803881634,0.5253543224757259,0.8102418755589557,0.6,-0.0024412316618891085,0.9014470174593605,1.7399974987799258,-1.5443013508836188,0.9014437118724328,0.12997399999999998,True,0.6
0.11079342726008505,0.4429766803881634,0.5253543224757259,0.8102418755589557,0.7,-0.004029085236224938,0.9374262674641735,1.8281132085254532,-1.6178085516352574,0.9374176088616916,0.12997399999999998,True,0.7
0.11079342726008505,0.4429766803881634,0.5253543224757259,0.8102418755589557,0.7999999999999999,-0.006725682234096926,0.9701134216309277,1.8907638191746983,-1.7416499361299478,0.9700901071688919,0.12997399999999998,True,0.7999999999999999
0.11079342726008505,0.4429766803881634,0.5253543224757259,0.8102418755589557,0.8999999999999999,-0.008427280131587197,1.0007340829459535,1.9342505362542897,-1.8515655998483769,1.0006985988394619,0.12997399999999998,True,0.8999999999999999
0.11079342726008505,0.4429766803881634,0.5253543224757259,0.8102418755589557,0.9999999999999999,-0.009011330580333826,1.0294195376653472,1.9617288414275935,-1.9506491396160834,1.0293800952263985,0.12997399999999998,True,0.9999999999999999
0.11079342726008505,0.4429766803881634,0.5253543224757259,0.8102418755589557,1.0999999999999999,-0.009359292455621641,1.0550685111182123,1.9763267141959895,-2.04020805694574,1.055026998136982,0.12997399999999998,True,1.0999999999999999
0.11079342726008505,0.4429766803881634,0.5253543224757259,0.8102418755589557,1.2,-0.009448253956993113,1.0787430935116629,1.9809748606410846,-2.12036367289858,1.0787017160903547,0.12997399999999998,True,1.2
0.11079342726008505,0.4429766803881634,0.5253543224757259,0.8102418755589557,1.3,-0.009038710616523735,1.101175373207942,1.9761988138313495,-2.194083155201423,1.1011382766347018,0.12997399999999998,True,1.3
0.11079342726008505,0.4429766803881634,0.5253543224757259,0.8102418755589557,1.4,-0.008136926965904876,1.1226264271150133,2.0159573362175185,-2.2616759058387514,1.122596938030998,0.12997399999999998,True,1.4
0.11079342726008505,0.4429766803881634,0.5253543224757259,0.8102418755589557,1.5,-0.006933525003531042,1.14354443632912,2.113450029851776,-2.3233267587919504,1.1435234165028323,0.12997399999999998,True,1.5
0.2686259114743051,0.7789756686980005,0.9340435159562497,0.8577951967090702,0.1,0.0018894539639162954,0.2578479144408162,0.37718971006112234,-0.3780571553998164,0.25784099159209867,0.13497299999999998,True,0.1
0.2686259114743051,0.7789756686980005,0.9340435159562497,0.8577951967090702,0.2,0.003325402276661582,0.39568099299175913,0.6163402751475802,-0.6054788393322561,0.3956670189877379,0.13497299999999998,True,0.2
0.2686259114743051,0.7789756686980005,0.9340435159562497,0.8577951967090702,0.3,0.004255843430473194,0.47930069636266087,0.750828319273812,-0.7840422129573689,0.4792818015848578,0.13497299999999998,True,0.3
0.2686259114743051,0.7789756686980005,0.9340435159562497,0.8577951967090702,0.4,0.00503789058078681,0.5408285049810129,0.9085234117970779,-0.8858358868092285,0.5408050401563335,0.13497299999999998,True,0.4
0.2686259114743051,0.7789756686980005,0.9340435159562497,0.8577951967090702,0.5,0.0057686772325699,0.5904143653919044,1.028405116054092,-0.9329521354199235,0.5903861831243271,0.13497299999999998,True,0.5
0.2686259114743051,0.7789756686980005,0.9340435159562497,0.8577951967090702,0.6,0.006265665270716582,0.6324028333785053,1.1188939824466007,-1.0131713379911984,0.6323717934126071,0.13497299999999998,True,0.6
0.2686259114743051,0.7789756686980005,0.9340435159562497,0.8577951967090702,0.7,0.006511214372115123,0.6690699387035559,1.1862032215978875,-1.1209441310404467,0.6690382552322254,0.13497299999999998,True,0.7
0.2686259114743051,0.7789756686980005,0.9340435159562497,0.8577951967090702,0.7999999999999999,0.00671741426884391,0.7017638234944,1.2349024130741726,-1.2176621590795351,0.7017316725864811,0.13497299999999998,True,0.7999999999999999
0.2686259114743051,0.7789756686980005,0.9340435159562497,0.8577951967090702,0.8999999999999999,0.007039347928579684,0.7313223701004162,1.2686180562643932,-1.3041930134140045,0.7312884906724777,0.13497299999999998,True,0.8999999999999999
0.2686259114743051,0.7789756686980005,0.9340435159562497,0.8577951967090702,0.9999999999999999,0.00755047942134369,0.758316353489764,1.290365321796713,-1.3830472047578803,0.7582787628771629,0.13497299999999998,True,0.9999999999999999
0.2686259114743051,0.7789756686980005,0.9340435159562497,0.8577951967090702,1.0999999999999999,0.008302418503443834,0.7831956647454622,1.3017739817563838,-1.454491422529734,0.78315165780523,0.13497299999999998,True,1.0999999999999999
0.2686259114743051,0.7789756686980005,0.9340435159562497,0.8577951967090702,1.2,0.009342145444462355,0.8063246421488328,1.3052189278819506,-1.5195307957404944,0.8062705208891975,0.13497299999999998,True,1.2
0.2686259114743051,0.7789756686980005,0.9340435159562497,0.8577951967090702,1.3,0.010718671630863982,0.827985849413009,1.3402472829741088,-1.5787399764757362,0.8279164673483985,0.13497299999999998,True,1.3
0.2686259114743051,0.7789756686980005,0.9340435159562497,0.8577951967090702,1.4,0.012501757930774193,0.8483895214758361,1.36572683404615,-1.6341958041478493,0.8482974043333141,0.13497299999999998,True,1.4
0.2686259114743051,0.7789756686980005,0.9340435159562497,0.8577951967090702,1.5,0.01478817251091171,0.8676906841913219,1.3800944019507708,-1.6848115680073261,0.867564656602718,0.13497299999999998,True,1.5
0.3071884238283924,-0.3562612178481157,0.5943000301996968,0.8379112255071333,0.1,0.6687091988075082,0.7052368370937211,1.0300463258655999,0.1,0.2240245607610381,0.13497299999999998,True,0.1
0.3071884238283924,-0.3562612178481157,0.5943000301996968,0.8379112255071333,0.2,0.02965567291262339,0.6905086667857575,1.1126782093140328,-1.124116105841532,0.6898715532404157,0.04499099999999999,True,0.2
0.3071884238283924,-0.3562612178481157,0.5943000301996968,0.8379112255071333,0.3,0.21349129282973237,0.7331314439537301,1.2634884566063596,-1.199562736401471,0.7013580982633413,0.06498699999999999,False,0.3
0.3071884238283924,-0.3562612178481157,0.5943000301996968,0.8379112255071333,0.4,-0.012941454697176636,0.7781815955184225,1.4149079790520644,-1.4063128449455478,0.7780739774301146,0.13497299999999998,False,0.4
0.3071884238283924,-0.3562612178481157,0.5943000301996968,0.8379112255071333,0.5,0.018922801723708166,1.0791278085115157,1.7574080986315606,-1.7527125601487246,1.078961887500106,0.13497299999999998,True,0.5
0.3071884238283924,-0.3562612178481157,0.5943000301996968,0.8379112255071333,0.6,0.005390163717616778,1.1431078804791401,1.8421377686291434,-1.869674247683,1.1430951721307414,0.13497299999999998,True,0.6
0.3071884238283924,-0.3562612178481157,0.5943000301996968,0.8379112255071333,0.7,0.003823404136227282,1.1752905647523462,1.9071302724076793,-1.9641823479348433,1.1752843456698894,0.13497299999999998,True,0.7
0.3071884238283924,-0.3562612178481157,0.5943000301996968,0.8379112255071333,0.7999999999999999,0.0034977318700800822,1.200445970004483,2.0111723836465734,-2.013565891018231,1.200440874333996,0.13497299999999998,True,0.7999999999999999
0.3071884238283924,-0.3562612178481157,0.5943000301996968,0.8379112255071333,0.8999999999999999,0.0024709792379104868,1.222319500763262,2.1109007810289833,-2.0055864784895805,1.2223170031574278,0.13497299999999998,True,0.8999999999999999
0.3071884238283924,-0.3562612178481157,0.5943000301996968,0.8379112255071333,0.9999999999999999,0.0008130436898429508,1.242004893677873,2.175034740811595,-2.009637652546989,1.2420046275597136,0.13497299999999998,True,0.9999999999999999
0.3071884238283924,-0.3562612178481157,0.5943000301996968,0.8379112255071333,1.0999999999999999,-0.0005512052254766928,1.2601561961576022,2.216132837734771,-2.105212216290858,1.2601560756061911,0.13497299999999998,True,1.0999999999999999
0.3071884238283924,-0.3562612178481157,0.5943000301996968,0.8379112255071333,1.2,-0.001179585480940051,1.277090540697826,2.242641157238492,-2.1880801678338515,1.2770899959352742,0.13497299999999998,True,1.2
0.3071884238283924,-0.3562612178481157,0.5943000301996968,0.8379112255071333,1.3,-0.0010789447077846916,1.2929165551525725,2.256833652708132,-2.26261134194293,1.292916104960377,0.13497299999999998,True,1.3
0.3071884238283924,-0.3562612178481157,0.5943000301996968,0.8379112255071333,1.4,-0.0002613291637653077,1.3077522725039163,2.2631652494395174,-2.32918597734077,1.30775224639311,0.13497299999999998,True,1.4
0.3071884238283924,-0.3562612178481157,0.5943000301996968,0.8379112255071333,1.5,0.0012637817506584526,1.3217409198650867,2.2631013484702125,-2.3905971575025626,1.3217403156828849,0.13497299999999998,True,1.5
0.22622855023767258,0.7805487040095846,0.22715759353337972,1.1231871446860424,0.1,0.000870082547666361,0.13353844214122443,0.2607379269081535,-0.2652687493823592,0.13353560755792962,0.17996399999999996,True,0.1
0.22622855023767258,0.7805487040095846,0.22715759353337972,1.1231871446860424,0.2,0.0016225866646181729,0.2734682557379536,0.4920813772555863,-0.5091363160099894,0.2734634419970512,0.17996399999999996,True,0.2
0.22622855023767258,0.7805487040095846,0.22715759353337972,1.1231871446860424,0.3,0.0024656163451073085,0.4380443758606184,0.7728111695314842,-0.7644010410860332,0.43803743670964634,0.17996399999999996,True,0.3
0.22622855023767258,0.7805487040095846,0.22715759353337972,1.1231871446860424,0.4,0.003547954723217719,0.7088014056675984,1.1173024991063165,-1.1169503350120003,0.7087925258449369,0.17996399999999996,True,0.4
0.22622855023767258,0.7805487040095846,0.22715759353337972,1.1231871446860424,0.5,-0.0030104046679086814,1.2525811486993867,1.8948655559076781,-1.8956411290160675,1.2525775311495935,0.17996399999999996,True,0.5
0.22622855023767258,0.7805487040095846,0.22715759353337972,1.1231871446860424,0.6,-0.004850828249740875,1.3469812442829294,2.080179180841854,-2.0871933818459505,1.346972509710306,0.17996399999999996,True,0.6
0.22622855023767258,0.7805487040095846,0.22715759353337972,1.1231871446860424,0.7,-0.005921988490708275,1.411835603271353,2.227373612016157,-2.2394771070247326,1.4118231832339705,0.17996399999999996,True,0.7
0.22622855023767258,0.7805487040095846,0.22715759353337972,1.1231871446860424,0.7999999999999999,-0.006623844293835787,1.4642311038180964,2.364720115547572,-2.3552259997999307,1.464216121368404,0.17996399999999996,True,0.7999999999999999
0.22622855023767258,0.7805487040095846,0.22715759353337972,1.1231871446860424,0.8999999999999999,-0.00710946334849288,1.5094034081789462,2.4325237781604536,-2.487298583327126,1.509386664891775,0.17996399999999996,True,0.8999999999999999
0.22622855023767258,0.7805487040095846,0.22715759353337972,1.1231871446860424,0.9999999999999999,-0.007464812053187006,1.5497248646128785,2.580008866511495,-2.5566940706046752,1.549706886020842,0.17996399999999996,True,0.9999999999999999
0.22622855023767258,0.7805487040095846,0.22715759353337972,1.1231871446860424,1.0999999999999999,-0.00771243207620568,1.5864945912217676,2.6882480965668525,-2.5785665857840994,1.5864758448735974,0.17996399999999996,True,1.0999999999999999
0.22622855023767258,0.7805487040095846,0.22715759353337972,1.1231871446860424,1.2,-0.007851668535430229,1.6205115879090053,2.7627624123775205,-2.710886994832982,1.6204925664280523,0.17996399999999996,True,1.2
0.22622855023767258,0.7805487040095846,0.22715759353337972,1.1231871446860424,1.3,-0.007938278372526064,1.6523079784594783,2.808952151550584,-2.827930340506319,1.6522889091854753,0.17996399999999996,True,1.3
0.22622855023767258,0.7805487040095846,0.22715759353337972,1.1231871446860424,1.4,-0.00805486597816438,1.682258826165794,2.831093670723428,-2.9263414895163438,1.6822395422016416,0.17996399999999996,True,1.4
0.22622855023767258,0.7805487040095846,0.22715759353337972,1.1231871446860424,1.5,-0.00823470236175545,1.7106408741294268,2.833133899817271,-3.010257826378094,1.710621053862983,0.17996399999999996,True,1.5
0.08780690461207317,0.6652882953067956,0.7870983074886834,0.7393694429929522,0.1,0.00021751859534118871,0.30015179476841247,0.5451968353881196,-0.5262410584878668,0.30015171595105017,0.11997599999999997,True,0.1
0.08780690461207317,0.6652882953067956,0.7870983074886834,0.7393694429929522,0.2,8.155648828922324e-06,0.42034238198183566,0.775354218228178,-0.7953125965654676,0.4203423819027161,0.11997599999999997,False,0.2
0.08780690461207317,0.6652882953067956,0.7870983074886834,0.7393694429929522,0.3,0.0005985330967366253,0.4998544176232881,0.9839201294267921,-0.8720896054047432,0.4998540592769539,0.11997599999999997,False,0.3
0.08780690461207317,0.6652882953067956,0.7870983074886834,0.7393694429929522,0.4,0.00046624762674750143,0.5609940528129848,1.1161753181981924,-0.996904489536561,0.5609938590614771,0.11997599999999997,False,0.4
0.08780690461207317,0.6652882953067956,0.7870983074886834,0.7393694429929522,0.5,-0.0006087810223924947,0.6115059837620053,1.1987282848959377,-1.1489082537320838,0.6115056807278282,0.11997599999999997,False,0.5
0.08780690461207317,0.6652882953067956,0.7870983074886834,0.7393694429929522,0.6,-0.0009582711463103003,0.6548730520666836,1.2462555153755828,-1.277220215490966,0.6548723509505829,0.11997599999999997,False,0.6
0.08780690461207317,0.6652882953067956,0.7870983074886834,0.7393694429929522,0.7,-0.0011141333066138927,0.6922759983381285,1.2690846066613086,-1.3871783489059337,0.6922751018070977,0.11997599999999997,False,0.7
0.08780690461207317,0.6652882953067956,0.7870983074886834,0.7393694429929522,0.7999999999999999,-0.0007532487716725967,0.725982756785993,1.3297485688274098,-1.4822811743467572,0.7259823660164744,0.11997599999999997,False,0.7999999999999999
0.08780690461207317,0.6652882953067956,0.7870983074886834,0.7393694429929522,0.8999999999999999,0.0002607246464767286,0.7568297900426355,1.3948332102368923,-1.5655881618216625,0.7568297451333678,0.11997599999999997,False,0.8999999999999999
0.08780690461207317,0.6652882953067956,0.7870983074886834,0.7393694429929522,0.9999999999999999,0.0028044651074566416,0.7851177669939946,1.4049938392816406,-1.6391687301161986,0.7851127581596784,0.11997599999999997,False,0.9999999999999999
0.08780690461207317,0.6652882953067956,0.7870983074886834,0.7393694429929522,1.0999999999999999,0.009700511265121057,0.8116775438773017,1.4194695636687407,-1.7044165514005216,0.8116195754883468,0.11997599999999997,False,1.0999999999999999
0.08780690461207317,0.6652882953067956,0.7870983074886834,0.7393694429929522,1.2,0.058292800374308264,0.836642690469805,1.4106986917980504,-1.7628402606502354,0.8346094541407226,0.11997599999999997,False,1.2
0.08780690461207317,0.6652882953067956,0.7870983074886834,0.7393694429929522,1.3,0.12765292171987197,0.8728622300242443,1.4236752754067414,-1.8160074478086106,0.8634773906590011,0.11997599999999997,False,1.3
0.08780690461207317,0.6652882953067956,0.7870983074886834,0.7393694429929522,1.4,0.19065844330920123,0.9207852437797027,1.2994588254543205,-1.8637822157118011,0.9008300745186956,0.11997599999999997,False,1.4
0.08780690461207317,0.6652882953067956,0.7870983074886834,0.7393694429929522,1.5,0.18143260646973444,0.9340027839450376,1.343183254560071,-1.908142853155528,0.9162114437872292,0.11997599999999997,False,1.5
0.4444179038648167,-0.8828639303896113,0.3361170605456604,0.6502794668948391,0.1,1.5974227937985865,1.6064498004980783,1.9353964532744978,0.1,0.17006286888393335,0.09997999999999999,False,0.1
0.4444179038648167,-0.8828639303896113,0.3361170605456604,0.6502794668948391,0.2,1.591376038562605,1.6018879858083042,1.928626024751234,0.1,0.183214145102873,0.10497899999999998,False,0.2
0.4444179038648167,-0.8828639303896113,0.3361170605456604,0.6502794668948391,0.3,1.5763606402328583,1.5915255555603753,2.0101338135116604,0.1,0.21918194708144756,0.10497899999999998,False,0.3
0.4444179038648167,-0.8828639303896113,0.3361170605456604,0.6502794668948391,0.4,1.5490893676860957,1.573216425138351,2.146616246743928,0.1,0.2744668490856139,0.10497899999999998,False,0.4
0.4444179038648167,-0.8828639303896113,0.3361170605456604,0.6502794668948391,0.5,1.4992425709986756,1.5406464438991594,2.3330704029386986,0.1,0.3547720090486372,0.10497899999999998,False,0.5
0.4444179038648167,-0.8828639303896113,0.3361170605456604,0.6502794668948391,0.6,-1.387353258319522,1.5118392720303446,2.115428711437412,-2.211052533300093,0.6007569567499389,0.10497899999999998,False,0.6
0.4444179038648167,-0.8828639303896113,0.3361170605456604,0.6502794668948391,0.7,1.3098007036365444,1.4540595564682832,2.4173860353058063,-2.0983610489939113,0.6314359116410413,0.10497899999999998,False,0.7
0.4444179038648167,-0.8828639303896113,0.3361170605456604,0.6502794668948391,0.7999999999999999,0.017186022245280538,1.523631962486598,2.538774514374221,-2.5377092949265987,1.5235350333189408,0.10497899999999998,True,0.7999999999999999
0.4444179038648167,-0.8828639303896113,0.3361170605456604,0.6502794668948391,0.8999999999999999,0.012982782893394296,1.5593427170977763,2.6294394856653422,-2.6372032326336905,1.5592886701038453,0.10497899999999998,True,0.8999999999999999
0.4444179038648167,-0.8828639303896113,0.3361170605456604,0.6502794668948391,0.9999999999999999,0.010708279127340303,1.584865977677903,2.7261837696471796,-2.687176242700671,1.5848298015746254,0.10497899999999998,True,0.9999999999999999
0.4444179038648167,-0.8828639303896113,0.3361170605456604,0.6502794668948391,1.0999999999999999,0.010822509788689183,1.6056981478758396,2.7869829135357334,-2.7424311187651726,1.605661675252223,0.10497899999999998,True,1.0999999999999999
0.4444179038648167,-0.8828639303896113,0.3361170605456604,0.6502794668948391,1.2,0.013372634793404723,1.6236500022176508,2.830232749174978,-2.827433018963686,1.6235949317302205,0.10497899999999998,True,1.2
0.4444179038648167,-0.8828639303896113,0.3361170605456604,0.6502794668948391,1.3,0.020926920405138588,1.6396394353955797,2.8785213562096166,-2.902806552862756,1.6395058835230487,0.10497899999999998,True,1.3
0.4444179038648167,-0.8828639303896113,0.3361170605456604,0.6502794668948391,1.4,0.07174506522131349,1.6524625238050783,2.9316477944785273,-2.969122965067125,1.6509043092186289,0.10497899999999998,True,1.4
0.4444179038648167,-0.8828639303896113,0.3361170605456604,0.6502794668948391,1.5,0.14058715751596776,1.662236153645355,2.972167809647984,-3.0281033682699663,1.6562802545545496,0.10497899999999998,True,1.5
0.2526527149921792,0.5926485405745885,0.23064220899374743,0.5520213010644096,0.1,0.0001586130515022294,0.2108966024102824,0.33728678687096514,-0.31694708437529173,0.21089654276469452,0.08998199999999998,True,0.1
0.2526527149921792,0.5926485405745885,0.23064220899374743,0.5520213010644096,0.2,6.139864758196012e-06,0.3844498533745868,0.637695487471618,-0.5970256913376276,0.3844498533255584,0.08998199999999998,True,0.2
0.2526527149921792,0.5926485405745885,0.23064220899374743,0.5520213010644096,0.3,-0.00010951560799075394,0.5199960897862685,0.8603844447780744,-0.8619288888899117,0.5199960782538082,0.08998199999999998,True,0.3
0.2526527149921792,0.5926485405745885,0.23064220899374743,0.5520213010644096,0.4,-4.6192213054743546e-05,0.6285644769191483,1.0141693272885624,-1.091383692736031,0.6285644752218518,0.08998199999999998,True,0.4
0.2526527149921792,0.5926485405745885,0.23064220899374743,0.5520213010644096,0.5,0.00039601449110453614,0.7186078339970636,1.1144911661244834,-1.2894881098885644,0.7186077248780967,0.08998199999999998,True,0.5
0.2526527149921792,0.5926485405745885,0.23064220899374743,0.5520213010644096,0.6,0.0014231614199221013,0.7954822297970893,1.2073741199632289,-1.461207200692814,0.7954809567390799,0.08998199999999998,True,0.6
0.2526527149921792,0.5926485405745885,0.23064220899374743,0.5520213010644096,0.7,0.0031155433238196652,0.8625948076926868,1.2960930657592349,-1.610855353368228,0.862589181272395,0.08998199999999998,True,0.7
0.2526527149921792,0.5926485405745885,0.23064220899374743,0.5520213010644096,0.7999999999999999,0.005250328983942919,0.9221648213603327,1.3813281842564458,-1.7424220406957627,0.9221498749119336,0.08998199999999998,True,0.7999999999999999
0.2526527149921792,0.5926485405745885,0.23064220899374743,0.5520213010644096,0.8999999999999999,0.00720107435770945,0.9756598835286423,1.4727005785262932,-1.8584918255070688,0.9756333086027857,0.08998199999999998,True,0.8999999999999999
0.2526527149921792,0.5926485405745885,0.23064220899374743,0.5520213010644096,0.9999999999999999,0.008199363849705512,1.0240904882634467,1.5605971417226023,-1.961758737886602,1.0240576637006946,0.08998199999999998,True,0.9999999999999999
0.2526527149921792,0.5926485405745885,0.23064220899374743,0.5520213010644096,1.0999999999999999,0.007861365877632455,1.0682298324169126,1.6441623385404054,-2.0540623901233777,1.068200905163445,0.08998199999999998,True,1.0999999999999999
0.2526527149921792,0.5926485405745885,0.23064220899374743,0.5520213010644096,1.2,0.006362754680581028,1.108726406314363,1.7254369100282971,-2.136579506247339,1.1087081488884423,0.08998199999999998,True,1.2
0.2526527149921792,0.5926485405745885,0.23064220899374743,0.5520213010644096,1.3,0.004133185965740103,1.1461251865746527,1.8129621107175202,-2.211619138484284,1.1461177339499442,0.08998199999999998,True,1.3
0.2526527149921792,0.5926485405745885,0.23064220899374743,0.5520213010644096,1.4,0.00154394700025899,1.1808725414165653,1.9152072800161433,-2.2794585358484096,1.1808715320894472,0.08998199999999998,True,1.4
0.2526527149921792,0.5926485405745885,0.23064220899374743,0.5520213010644096,1.5,-0.001173722916336908,1.213334638588337,2.0123756358715577,-2.3410803447781148,1.2133340708860054,0.08998199999999998,True,1.5
0.2320483279196877,-0.6029739109814893,0.0907530456191219,1.0803323859868508,0.1,2.4816514539449983,2.518319795634396,3.3763320318616215,0.1,0.4281829681535019,0.16996599999999998,False,0.1
0.2320483279196877,-0.6029739109814893,0.0907530456191219,1.0803323859868508,0.2,2.3810292562774653,2.450556981023304,3.3861330970092265,0.1,0.5795939940965841,0.16996599999999998,False,0.2
0.2320483279196877,-0.6029739109814893,0.0907530456191219,1.0803323859868508,0.3,2.2864751488337633,2.3875596123428515,3.3878417943706296,0.1,0.6873662024396952,0.16996599999999998,True,0.3
0.2320483279196877,-0.6029739109814893,0.0907530456191219,1.0803323859868508,0.4,2.2067410011344575,2.335394626308323,3.4870319160518464,0.1,0.7644358799153032,0.16996599999999998,True,0.4
0.2320483279196877,-0.6029739109814893,0.0907530456191219,1.0803323859868508,0.5,2.123871332402262,2.284923943561574,3.5811234478149427,0.1,0.8426434544104725,0.16996599999999998,False,0.5
0.2320483279196877,-0.6029739109814893,0.0907530456191219,1.0803323859868508,0.6,-1.3123971918623651,2.1802443255915427,3.7643441423688935,-3.6693906688308564,1.7409994055328968,0.004998999999999999,False,0.6
0.2320483279196877,-0.6029739109814893,0.0907530456191219,1.0803323859868508,0.7,0.2453656708636498,2.1406302122562044,3.6785436171392454,-3.6460918646205265,2.1265214302201785,0.004998999999999999,False,0.7
0.2320483279196877,-0.6029739109814893,0.0907530456191219,1.0803323859868508,0.7999999999999999,0.20624474381670008,2.0806331729147955,3.9131064676266516,-3.8966286281834566,2.0703858350272477,0.04499099999999999,False,0.7999999999999999
0.2320483279196877,-0.6029739109814893,0.0907530456191219,1.0803323859868508,0.8999999999999999,0.2952660381123475,2.3283178052453644,3.609692091719174,-3.8810803981180144,2.3095198135023716,0.05498899999999999,False,0.8999999999999999
0.2320483279196877,-0.6029739109814893,0.0907530456191219,1.0803323859868508,0.9999999999999999,0.08602581204244296,2.4171298465187765,3.608249993093645,-3.567734896846162,2.4155985292664677,0.05498899999999999,False,0.9999999999999999
0.2320483279196877,-0.6029739109814893,0.0907530456191219,1.0803323859868508,1.0999999999999999,0.08259546284013904,2.488509095564081,3.7696165690189467,-3.7502303479500565,2.4871380155157023,0.05498899999999999,False,1.0999999999999999
0.2320483279196877,-0.6029739109814893,0.0907530456191219,1.0803323859868508,1.2,0.023228692002587956,2.3480689882263723,4.2076718663269705,-4.1498518231642345,2.3479540884221453,0.059987999999999986,False,1.2
0.2320483279196877,-0.6029739109814893,0.0907530456191219,1.0803323859868508,1.3,0.09171551197343074,2.3416131879438873,4.341886875875019,-4.356000011053564,2.339816357498209,0.16996599999999998,False,1.3
0.2320483279196877,-0.6029739109814893,0.0907530456191219,1.0803323859868508,1.4,0.7731856939940606,2.505023237122677,4.481629146234405,-4.27344993333103,2.3827138521290165,0.08998199999999998,False,1.4
0.2320483279196877,-0.6029739109814893,0.0907530456191219,1.0803323859868508,1.5,-0.07191774535868548,2.5151931284201066,4.561560154227508,-4.598281463136611,2.5141647342913402,0.16996599999999998,False,1.5
0.1844132597685152,0.34398975591271874,0.1995154439682133,1.4421131105064977,0.1,0.000355726889320341,0.04435500013088744,0.12874621770933212,-0.1417503086525687,0.044353573643971904,0.22995399999999996,True,0.1
0.1844132597685152,0.34398975591271874,0.1995154439682133,1.4421131105064977,0.2,0.0004418720637846972,0.08437252522715172,0.19218228292973324,-0.2340943781492618,0.08437136814278645,0.22995399999999996,True,0.2
0.1844132597685152,0.34398975591271874,0.1995154439682133,1.4421131105064977,0.3,0.0005409860096958296,0.12504653976636435,0.26884790429531935,-0.3280635155574623,0.1250453695331349,0.22995399999999996,True,0.3
0.1844132597685152,0.34398975591271874,0.1995154439682133,1.4421131105064977,0.4,0.0006618008980430077,0.16606646915660586,0.34421559025317294,-0.423422314040235,0.16606515046123696,0.22995399999999996,True,0.4
0.1844132597685152,0.34398975591271874,0.1995154439682133,1.4421131105064977,0.5,0.0008160957523515711,0.2074306851499668,0.41742446560405605,-0.5203514093986977,0.2074290797586193,0.22995399999999996,True,0.5
0.1844132597685152,0.34398975591271874,0.1995154439682133,1.4421131105064977,0.6,0.0010201889416606837,0.24920057493604592,0.48740309134651694,-0.6187443201228934,0.24919848667875003,0.22995399999999996,True,0.6
0.1844132597685152,0.34398975591271874,0.1995154439682133,1.4421131105064977,0.7,0.0012966964029922305,0.29146304223526553,0.553173744584028,-0.7191561191411364,0.29146015777027684,0.22995399999999996,True,0.7
0.1844132597685152,0.34398975591271874,0.1995154439682133,1.4421131105064977,0.7999999999999999,0.0016755992545126332,0.33432049570750555,0.6126784967210411,-0.8210592204663968,0.3343162966671689,0.22995399999999996,True,0.7999999999999999
0.1844132597685152,0.34398975591271874,0.1995154439682133,1.4421131105064977,0.8999999999999999,0.0021909178491601815,0.3778853934924331,0.663329954785877,-0.9245497283764482,0.377879042146967,0.22995399999999996,True,0.8999999999999999
0.1844132597685152,0.34398975591271874,0.1995154439682133,1.4421131105064977,0.9999999999999999,0.002862465320238281,0.4222735089109735,0.7136936439999655,-1.0297112050434483,0.4222638069030739,0.22995399999999996,True,0.9999999999999999
0.1844132597685152,0.34398975591271874,0.1995154439682133,1.4421131105064977,1.0999999999999999,0.0036427949298992466,0.4675985646859137,0.7769239167684195,-1.1357807806967708,0.46758437499709643,0.22995399999999996,True,1.0999999999999999
0.1844132597685152,0.34398975591271874,0.1995154439682133,1.4421131105064977,1.2,0.004324890823492693,0.5139957213519455,0.8688753463938764,-1.2434253427388366,0.5139775256637897,0.22995399999999996,True,1.2
0.1844132597685152,0.34398975591271874,0.1995154439682133,1.4421131105064977,1.3,0.004520395066222893,0.5617244927206482,1.0280776261854228,-1.3513173928528874,0.5617063038196338,0.22995399999999996,True,1.3
0.1844132597685152,0.34398975591271874,0.1995154439682133,1.4421131105064977,1.4,0.003966950904682272,0.6112722980048106,1.201253809925759,-1.4602118313883368,0.6112594257830318,0.22995399999999996,True,1.4
0.1844132597685152,0.34398975591271874,0.1995154439682133,1.4421131105064977,1.5,0.003060623064704432,0.6631398084109906,1.3850673893138712,-1.569015767742447,0.663132745448316,0.22995399999999996,True,1.5
0.21429957571017288,-0.789009440859541,0.6291081515397092,1.4271545530678673,0.1,1.0858330695857414,1.0981989429822274,1.481311088852306,0.1,0.16433947596754828,0.22495499999999996,False,0.1
0.21429957571017288,-0.789009440859541,0.6291081515397092,1.4271545530678673,0.2,1.0504495379394734,1.074550035748577,1.4779255532331386,0.1,0.2263041041828785,0.22495499999999996,False,0.2
0.21429957571017288,-0.789009440859541,0.6291081515397092,1.4271545530678673,0.3,1.0123919325132735,1.0494628470838478,1.4679625474946512,0.1,0.2764685197113327,0.22495499999999996,False,0.3
0.21429957571017288,-0.789009440859541,0.6291081515397092,1.4271545530678673,0.4,0.9698440541963103,1.0223854440672326,1.5121653084316282,0.1,0.323534398141244,0.22495499999999996,False,0.4
0.21429957571017288,-0.789009440859541,0.6291081515397092,1.4271545530678673,0.5,0.3993080456458224,0.9419759955659971,1.7048586728159554,-1.7203569349129837,0.8531540663356562,0.014996999999999996,False,0.5
0.21429957571017288,-0.789009440859541,0.6291081515397092,1.4271545530678673,0.6,0.012660702751547341,0.993539719667486,1.734607992533389,-1.7459843691758878,0.9934590485585117,0.08498299999999999,False,0.6
0.21429957571017288,-0.789009440859541,0.6291081515397092,1.4271545530678673,0.7,0.02568123025638662,1.0512926419558017,1.8250234463792003,-1.795867456986989,1.0509789215026761,0.10997799999999998,False,0.7
0.21429957571017288,-0.789009440859541,0.6291081515397092,1.4271545530678673,0.7999999999999999,-0.05383476018394181,1.0953386467628512,1.8934449167413996,-1.829639690502317,1.0940148854966332,0.07998399999999999,False,0.7999999999999999
0.21429957571017288,-0.789009440859541,0.6291081515397092,1.4271545530678673,0.8999999999999999,0.1439529131349155,1.0885485783909479,2.0305212082857422,-2.0351566364640887,1.0789882141696105,0.12997399999999998,False,0.8999999999999999
0.21429957571017288,-0.789009440859541,0.6291081515397092,1.4271545530678673,0.9999999999999999,0.1881472342943799,1.1308703625056034,2.0782565501315218,-2.0954129697501793,1.1151091404077587,0.22495499999999996,False,0.9999999999999999
0.21429957571017288,-0.789009440859541,0.6291081515397092,1.4271545530678673,1.0999999999999999,-0.057908209045445164,1.2252753247791646,2.305846198976434,-2.3086870540562483,1.2239061487049718,0.22495499999999996,False,1.0999999999999999
0.21429957571017288,-0.789009440859541,0.6291081515397092,1.4271545530678673,1.2,0.027429488839942638,1.6101766503938801,2.9066210414257747,-2.8683450455469863,1.6099430016667158,0.22995399999999996,True,1.2
0.21429957571017288,-0.789009440859541,0.6291081515397092,1.4271545530678673,1.3,0.07249656585102084,1.7001602476686393,2.9622045067830998,-2.9135187568789016,1.6986138806958153,0.22995399999999996,False,1.3
0.21429957571017288,-0.789009440859541,0.6291081515397092,1.4271545530678673,1.4,0.01592518011239659,1.7168196933550623,2.969969767129359,-2.9919421608812633,1.7167458309633836,0.22495499999999996,False,1.4
0.21429957571017288,-0.789009440859541,0.6291081515397092,1.4271545530678673,1.5,0.002690399617776866,1.774183934852963,2.981233020168479,-3.0329977688668377,1.7741818949702537,0.22495499999999996,False,1.5
0.24816971962210282,0.9091809873814745,0.499895813687647,0.9252286248490755,0.1,0.0022374793465127604,0.27076646557309814,0.39533963776859754,-0.39518060786606196,0.27075722070726327,0.14497099999999996,False,0.1
0.24816971962210282,0.9091809873814745,0.499895813687647,0.9252286248490755,0.2,0.0032910767114275367,0.44829201395788054,0.6801671050029188,-0.6799344040500394,0.44827993329223653,0.14497099999999996,False,0.2
0.24816971962210282,0.9091809873814745,0.499895813687647,0.9252286248490755,0.3,0.003725138018791944,0.5603379840284137,0.8916335608848591,-0.8736286220225402,0.5603256014959229,0.14497099999999996,False,0.3
0.24816971962210282,0.9091809873814745,0.499895813687647,0.9252286248490755,0.4,0.003990967438145816,0.6420648333737567,1.0364506291415305,-1.054128263136094,0.6420524296614551,0.14497099999999996,False,0.4
0.24816971962210282,0.9091809873814745,0.499895813687647,0.9252286248490755,0.5,0.004220142677896735,0.7073350961505691,1.1392992953806669,-1.195366316877741,0.7073225068115062,0.14497099999999996,False,0.5
0.24816971962210282,0.9091809873814745,0.499895813687647,0.9252286248490755,0.6,0.004468586618403426,0.7622742032051824,1.2880022861104246,-1.2933881987962814,0.7622611052688767,0.14497099999999996,False,0.6
0.24816971962210282,0.9091809873814745,0.499895813687647,0.9252286248490755,0.7,0.00479402194232635,0.8100743307294176,1.4138042029896254,-1.3563374539983188,0.810060145088209,0.14497099999999996,False,0.7
0.24816971962210282,0.9091809873814745,0.499895813687647,0.9252286248490755,0.7999999999999999,0.005175711826562211,0.8526092796294722,1.5205912391347667,-1.3909873859883897,0.8525935700657001,0.14497099999999996,False,0.7999999999999999
0.24816971962210282,0.9091809873814745,0.499895813687647,0.9252286248490755,0.8999999999999999,0.005479730096385142,0.891073461049901,1.6104121439281058,-1.4055412623221717,0.8910566118634216,0.14497099999999996,False,0.8999999999999999
0.24816971962210282,0.9091809873814745,0.499895813687647,0.9252286248490755,0.9999999999999999,0.005589953165442223,0.926277873316401,1.6857743286118325,-1.5106584045538443,0.9262610058828789,0.14497099999999996,False,0.9999999999999999
0.24816971962210282,0.9091809873814745,0.499895813687647,0.9252286248490755,1.0999999999999999,0.005527555379548368,0.9588082272041653,1.7482908845700293,-1.6094415338979133,0.9587922938185935,0.14497099999999996,False,1.0999999999999999
0.24816971962210282,0.9091809873814745,0.499895813687647,0.9252286248490755,1.2,0.005395494815070441,0.9891041280226666,1.8009614382597614,-1.700762716101193,0.9890894118871055,0.14497099999999996,False,1.2
0.24816971962210282,0.9091809873814745,0.499895813687647,0.9252286248490755,1.3,0.005284930555452598,1.0174947894707074,1.8437891260638846,-1.7871026361948628,1.0174810642508603,0.14497099999999996,False,1.3
0.24816971962210282,0.9091809873814745,0.499895813687647,0.9252286248490755,1.4,0.0052468147515784165,1.044222198479797,1.878292431518544,-1.8671090967783295,1.044209016783969,0.14497099999999996,False,1.4
0.24816971962210282,0.9091809873814745,0.499895813687647,0.9252286248490755,1.5,0.0053030497188501745,1.0694678716698676,1.9055552908242546,-1.942947551834164,1.0694547237717715,0.14497099999999996,False,1.5
0.32909605340692,0.9901930104706482,0.9489436749377653,0.9600451393090961,0.1,0.0012615914336337292,0.2029689585819693,0.29403502933210435,-0.2940105006540757,0.20296503771562174,0.15496899999999997,True,0.1
0.32909605340692,0.9901930104706482,0.9489436749377653,0.9600451393090961,0.2,0.0014872693489656392,0.3478701167114095,0.515319479901309,-0.5182802165730804,0.3478669373922927,0.15496899999999997,True,0.2
0.32909605340692,0.9901930104706482,0.9489436749377653,0.9600451393090961,0.3,0.0013459449501740468,0.441921025234432,0.6832167120104998,-0.6776884091841363,0.4419189755786037,0.15496899999999997,True,0.3
0.32909605340692,0.9901930104706482,0.9489436749377653,0.9600451393090961,0.4,0.0011875679434609075,0.510207242980361,0.786175129676487,-0.8187626554848532,0.5102058608757849,0.15496899999999997,True,0.4
0.32909605340692,0.9901930104706482,0.9489436749377653,0.9600451393090961,0.5,0.0010878461498884306,0.5643661443912771,0.9125799957532583,-0.9172347214582309,0.5643650959492711,0.15496899999999997,True,0.5
0.32909605340692,0.9901930104706482,0.9489436749377653,0.9600451393090961,0.6,0.001061443895457124,0.6096928719436893,1.0232276113490777,-0.9809011495352141,0.6096919479834063,0.15496899999999997,True,0.6
0.32909605340692,0.9901930104706482,0.9489436749377653,0.9600451393090961,0.7,0.0010704840219583041,0.6489512094920837,1.1150429308735932,-1.0177892472533658,0.6489503265776181,0.15496899999999997,True,0.7
0.32909605340692,0.9901930104706482,0.9489436749377653,0.9600451393090961,0.7999999999999999,0.0010387419563430867,0.6837555810239947,1.1901244669610092,-1.0684688865021075,0.6837547920099784,0.15496899999999997,True,0.7999999999999999
0.32909605340692,0.9901930104706482,0.9489436749377653,0.9600451393090961,0.8999999999999999,0.0009339166052832546,0.7151330009128108,1.2514648402342043,-1.1578166280951747,0.7151323910957584,0.15496899999999997,True,0.8999999999999999
0.32909605340692,0.9901930104706482,0.9489436749377653,0.9600451393090961,0.9999999999999999,0.0007930685354846971,0.7437801039536657,1.3009519525630622,-1.2401751749407868,0.7437796811419519,0.15496899999999997,True,0.9999999999999999
0.32909605340692,0.9901930104706482,0.9489436749377653,0.9600451393090961,1.0999999999999999,0.0006752533589479611,0.7701880520836285,1.3404812972173326,-1.3168467671918778,0.7701877560733326,0.15496899999999997,True,1.0999999999999999
0.32909605340692,0.9901930104706482,0.9489436749377653,0.9600451393090961,1.2,0.0006255390909537659,0.79471188213195,1.3712124655580127,-1.387116060946897,0.7947116359425926,0.15496899999999997,True,1.2
0.32909605340692,0.9901930104706482,0.9489436749377653,0.9600451393090961,1.3,0.0006715038479620979,0.8176189197513656,1.3947721913336573,-1.4535741546724963,0.8176186440009622,0.15496899999999997,True,1.3
0.32909605340692,0.9901930104706482,0.9489436749377653,0.9600451393090961,1.4,0.000831471630271102,0.8391232056124258,1.4120025959272255,-1.5146328073041577,0.8391227936674116,0.15496899999999997,True,1.4
0.32909605340692,0.9901930104706482,0.9489436749377653,0.9600451393090961,1.5,0.0011203011025582284,0.8594040810581871,1.423096431402884,-1.5720491972491035,0.859403350857388,0.15496899999999997,True,1.5
