delta,alpha,beta,omega,gamma,x_mean,x_rms,x_max,x_min,x_std,dom_freq,label_gamma,lyapunov,periodic,base_id
0.15842827116307445,1.8018547853037412,0.37390326416730413,1.9075690048470388,0.5365640328146796,0.0008232939274824488,0.21227094577588296,0.5464526621557392,-0.5143777078503181,0.21226934919506588,0.30493899999999996,0.5365640328146796,-0.07839807484719978,True,0
0.13276467020204694,1.310810375281767,0.8774783591014064,1.1892686378115072,0.13858275854029573,-0.0025448992969515274,0.4334188130298986,0.6838676043488903,-0.6863271505948649,0.43341134154036,0.18996199999999996,0.13858275854029573,-0.06600596341906341,True,1
0.2285188015156939,0.15257325287711287,0.7264902613482751,1.6191716661711277,0.524472761008303,0.0006652328930993944,0.15433540777117427,0.37871794601198466,-0.35385605750104404,0.15433397408572289,0.25994799999999996,0.524472761008303,-0.11623411548798562,True,2
0.14151438794938895,-1.463833211011341,0.8659146742495455,0.5662194332170694,0.4672386766185893,0.9575047480879803,1.2279484317422444,2.1113785519609864,-2.095597614929973,0.7687925652653066,0.004998999999999999,0.4672386766185893,-0.07029000792034781,True,3
0.22760575506271524,-0.8783649680558403,1.0218628514201067,1.9653269596422296,1.4463200711293014,-0.0266751252010498,0.9589657498165457,1.7354703039777144,-1.8214380175312275,0.958594672954486,0.15496899999999997,1.4463200711293014,0.2056276722519722,False,4
0.22018908282432476,0.16490742218973686,0.6260932876862045,0.4891736157952284,1.4578955785025856,-0.012214228626900452,0.9466782587020284,1.9934850902274261,-1.9561104963465588,0.9465994602355077,0.07998399999999999,1.4578955785025856,-0.1095710540037178,True,5
0.15965988980888482,-1.5365375501169187,1.2846305355212508,1.5980296058161363,0.9582046214742566,0.026266054673243895,1.3992219599360174,2.405782452246371,-2.4457542462360644,1.3989754063381858,0.254949,0.9582046214742566,-0.07792879293744812,True,6
0.27601633438936174,-1.8416284933431886,1.1043196001940412,1.0268045891937267,0.18728941080982583,1.2759851910352615,1.28186061834096,1.676031102309909,0.1,0.12259052619258602,0.16496699999999997,0.18728941080982583,-0.13709486525176562,True,7
0.19598516905041874,1.410531353922627,1.2265879343981396,0.6681754059270018,1.2758341294439723,0.0051995189819750084,0.5611194523036181,1.0580806434591854,-1.1214862280368976,0.5610953615526227,0.10497899999999998,1.2758341294439723,-0.09730623098317132,True,8
0.15775380564123773,0.04355553786613209,1.530757394634138,0.4662596644129218,1.2474774067669878,-0.012948680428206153,0.8072071264957177,1.3098768198694395,-1.2951887069275645,0.8071032627493473,0.07498499999999998,1.2474774067669878,-0.07824307675524389,True,9
0.20815320274094457,1.1483877662192041,0.4640708921382569,1.644255490042154,0.36785349648008037,-0.00037566818435547545,0.16907983518259054,0.42174633832670533,-0.3901591718514528,0.16907941784495015,0.25994799999999996,0.36785349648008037,-0.10413789464960317,True,10
0.033650259035418684,1.4209078971482807,1.73643864273757,1.7777667735498448,0.7606736071023062,-0.0008734432406624371,0.9198588669633965,1.7729820381992343,-1.8213814542123734,0.9198584522784409,0.28494299999999995,0.7606736071023062,-0.010895786432882559,True,11
0.0894740326979783,-1.971632685587335,1.326869701592401,1.4958368903156474,1.2697969031003837,-0.013076933366811162,1.4590992267965928,2.6428528236198106,-2.538334173279271,1.4590406257031143,0.23995199999999994,1.2697969031003837,-0.03858468938395871,True,12
0.09174456993571721,-1.1391273313481056,1.314729622126517,1.6490986996610175,1.4491392219829593,-0.00349346415250873,1.44046922327713,2.593168136768298,-2.6084120144551664,1.440464987049957,0.26494699999999993,1.4491392219829593,-0.04160470400220333,True,13
0.05365220082214147,-0.07115044720265384,1.7999601381727297,0.9608904325017871,0.9253028869176673,0.0029001167571229146,0.7750613515024127,1.5898250762822754,-1.5481213923218897,0.7750559256695879,0.254949,0.9253028869176673,-0.027151054247500972,True,14
0.01710229647307533,0.6938395486117557,1.8462683773042627,1.688285593202098,1.3397283733939256,0.0032039412951581445,1.021539632260205,2.086413481841614,-2.022462330826703,1.021534607851585,0.26994599999999996,1.3397283733939256,-0.0029518082507418945,True,15
0.20150306035095175,-1.0177909310272897,1.5601822979028832,0.5810145366935189,1.2637847685302457,-0.0396480494332633,0.9312132062283656,1.8039110233321571,-1.8112676865172466,0.930368780446899,0.09498099999999998,1.2637847685302457,0.004527916208338355,False,16
0.028188197545522792,1.3019512535742233,0.4125638063007925,0.8752645936939554,0.54343343317975,-0.0030641944600683754,0.5503235123639043,1.2159318544633666,-1.0509736985369817,0.5503149815994974,0.13997199999999999,0.54343343317975,-0.013460842515558843,True,17
0.21048774023054495,-1.2857124873025123,0.8528867082122742,0.21048427119436572,0.4674925978501421,1.1796700884744553,1.1951395904338489,1.8924974853575032,0.1,0.19166930630922271,0.034992999999999996,0.4674925978501421,-0.10506290972855878,True,18
0.13214475612639703,-1.5763150531707022,1.3030038974694598,0.8847636857957581,1.1154115133067344,-0.01928820380223671,1.1976128603122675,2.204885880707135,-2.197892762181464,1.197457526753836,0.13997199999999999,1.1154115133067344,-0.0016563730122021406,True,19
0.19962114320983437,-0.27509300489037525,1.7479089607201785,1.3378432115003007,1.2343840929488188,0.000972354470839457,1.0050882448849163,1.7218914611941503,-1.8493844127279189,1.00508777454142,0.21495699999999995,1.2343840929488188,-0.09902342219968484,True,20
0.10912046994263276,0.1746771586738225,0.4729640817180315,1.9930541422135302,0.440501650028858,0.00016541755285612886,0.08858147943594101,0.2741224003470699,-0.2641241020364101,0.08858132498497212,0.31493699999999997,0.440501650028858,-0.056004210861955,True,21
0.08449156549585979,-1.707239710436136,0.5898259260937995,1.5736313585792958,1.0770509989563137,0.22449271131077317,1.732922202863145,3.7375687520844094,-3.676177767094211,1.7183196395736133,0.059987999999999986,1.0770509989563137,-0.04142166153158666,True,22
0.04731523157197914,-0.4950459942876231,0.8997506497731795,1.3969716434515294,0.7383005482612484,0.01087025550540266,1.2175635136844125,2.547150608261146,-2.5845245897370788,1.217514988573356,0.22495499999999996,0.7383005482612484,-0.018902007513559672,True,23
0.1800903147794041,1.3587384144357695,1.480299859593504,0.8570130743154061,0.727754833082278,0.00422527143449116,0.46024783766649,0.7809331308611661,-0.9036077851405557,0.4602284423609482,0.13497299999999998,0.727754833082278,-0.08992126304169241,True,24
0.1166328752101019,-1.561061343973213,0.48615893376605346,0.710851680099436,0.539787453843223,-1.614581053617584,1.752827440609835,2.9052892742107885,-2.790666125919975,0.6822990970637117,0.11497699999999998,0.539787453843223,-0.05804624318737406,True,25
0.10078387905778191,0.3067988650118081,1.9462109536775338,1.5943954428627176,1.2075875274419274,-0.004426433296958669,0.9938014575307121,1.9058458350641785,-1.8273621310537738,0.9937915997222131,0.254949,1.2075875274419274,-0.0457337217973393,True,26
0.23018786515647818,0.3879509220950257,1.8436152886247341,1.4413342798047457,0.8004990030316192,-0.002648935816728974,0.8693705004273172,1.4963114403074933,-1.4684558262528207,0.8693664648192285,0.22995399999999996,0.8004990030316192,-0.11527029614331358,True,27
0.03235430446515624,-0.046203091657904594,0.5043788911466353,0.438853335584217,0.8084908915411221,-0.008276214651421393,1.001976786600958,2.116729537556804,-2.0539260158295796,1.0019426057206198,0.06998599999999999,0.8084908915411221,0.04642855105511221,False,28
0.2376747348531181,-0.8199742287779221,1.5606663438274162,1.1461331416920575,0.30866723271899754,0.013252903011750977,0.6441277139317815,1.1233329471730307,-1.1241807336595666,0.6439913605140554,0.05498899999999999,0.30866723271899754,0.07390677628897704,False,29
0.2898406457541233,-0.39345510444593,0.6609450857591219,1.7245970671407134,0.27424446552167175,0.7489559146563042,0.7567565801096706,0.9771755205463205,0.1,0.10837693223478528,0.27494499999999994,0.27424446552167175,-0.04084604291489578,True,30
0.22274123371137397,-1.2487010297381267,0.8457343744239066,0.6174197812318492,1.2777191897693416,-0.4302441750030908,1.312747333586757,2.3383022370948567,-2.296798752852862,1.2402401024459133,0.09997999999999999,1.2777191897693416,-0.0004756470763816859,True,31
0.12312162006255989,1.898771251529157,1.287996820388703,1.4485211024652473,0.8301351709853845,0.001764601490325931,0.7124716715726199,1.3447669131073174,-1.3264909650648,0.712469486346653,0.22995399999999996,0.8301351709853845,-0.05975072676628084,True,32
0.09960077773192141,-0.4177743157902851,1.8877749565576134,0.562165761304396,1.4835064617082971,-0.001978280574557037,0.8207038307741022,1.6684587040478178,-1.6775495715638042,0.820701446479324,0.08998199999999998,1.4835064617082971,0.05790691388560325,False,33
0.22990869998110733,-0.560852294029559,1.3188758200606463,0.8857667707275576,0.634090105695888,0.012105700903082783,0.8946429445904537,1.5872607616920718,-1.5177330019340596,0.8945610377783747,0.13997199999999999,0.634090105695888,-0.11460681295257308,True,34
0.15610285555641357,-1.9331087134584917,1.0377859638924527,1.9488771442043984,0.49965132029980985,-0.9891285954145677,1.2413932032422748,1.9590501446194963,-1.886327017379265,0.750121128078206,0.30993799999999994,0.49965132029980985,-0.07527576103817336,True,35
0.2269832081322175,-0.22884443971801982,0.4976339809737924,1.829004627472633,0.1235581985522982,0.6644847022198984,0.6693803963824813,0.8764568623492118,0.1,0.08080962552134976,0.2899419999999999,0.1235581985522982,-0.11367207419727131,True,36
0.09801758871385809,1.99610352929575,0.59807891276098,1.7282801393466896,0.9479564081179859,-0.001066486909835634,1.2643098160154913,2.3191447970304435,-2.3160595454341135,1.26430936620702,0.27494499999999994,0.9479564081179859,-0.04588389028554371,True,37
0.24375035518286584,0.5212710217739129,0.7891240284099119,1.5694198122502685,0.13707836846556126,0.00026783155295158947,0.05205130046627834,0.1279240411762509,-0.16847840973484898,0.05205061139400796,0.24994999999999995,0.13707836846556126,-0.1218515493415928,True,38
0.13957575600299105,-0.512581720519576,1.006440610710964,0.4297172356929253,0.41150961232478145,-0.24916968026578792,0.8030007647870357,1.478672874419892,-1.4333217687522115,0.7633640669332094,0.06998599999999999,0.41150961232478145,0.02162344916254533,False,39
0.17299496112891571,-0.4489235373761842,1.6041467906216471,1.289245860699526,1.3057733587017917,0.003015886521879258,1.055900138321698,1.9097098431733137,-1.9541981294227546,1.0558958312903164,0.20495899999999997,1.3057733587017917,-0.0837008501272799,True,40
0.2223846428244253,0.40729379103426,0.6464696441723917,1.6089688422671033,0.45177460943951453,-0.0002581819880223412,0.1493768235147853,0.30282309083565884,-0.3818968504111716,0.14937660039453426,0.254949,0.45177460943951453,-0.11112375837049186,True,41
0.03181122242617728,1.8514583137729113,1.1260212896832915,1.5930097355896604,0.8409119306825041,-0.003750320315058883,0.8826588292224793,1.7376013036835893,-1.783956062375367,0.8826508618371889,0.254949,0.8409119306825041,-0.011955737558597829,True,42
0.1873581218078282,-1.864430997933975,0.4549079907722362,1.4144409117825993,0.8987904371334975,0.12639794480585803,1.737920154966856,2.9950901642639955,-3.023411245185149,1.7333176352269875,0.034992999999999996,0.8987904371334975,0.23630755323906955,False,43
0.05598095985614667,1.808117074904739,0.3932719018400682,1.1185458495296337,0.3016040250269607,-0.0011537597030641176,0.3454624153511013,0.7260649436469937,-0.6964429305660317,0.34546048870857055,0.17996399999999996,0.3016040250269607,-0.02796491773856693,True,44
0.21803780057080804,-0.894747943619389,0.3548545527313882,0.2827769252069282,0.34476975305667307,1.5412997112174933,1.5581877189019793,2.3332290394276995,0.1,0.22878847772085364,0.04499099999999999,0.34476975305667307,-0.10885311768845132,True,45
0.06562162784983425,0.14788831828717042,0.9569738837256432,1.9231298610563672,1.4358118716132995,-0.0008014212664322858,0.3066864176148414,0.7233461134055671,-0.782148676672491,0.30668537049128797,0.30493899999999996,1.4358118716132995,-0.03302645837769233,True,46
0.24099837203584482,0.6863505359228133,1.7055438739798583,1.8897532912637922,0.13166482044180386,7.56381884619957e-05,0.035309101190401725,0.11105963434580214,-0.13371182959141148,0.03530902017528204,0.29993999999999993,0.13166482044180386,-0.12041851205924797,True,47
0.04425051587374902,-0.5589444612654275,0.27781502078093945,1.279144051495899,0.4645099112873521,0.05675699892035549,1.3435349317785064,2.4443709952578088,-2.52274470018963,1.3423355601274336,0.08998199999999998,0.4645099112873521,0.1493713648979654,False,48
0.08665852144837438,-0.8466880454085377,0.2856597494103411,1.533700015828686,1.0109414014395102,-0.05386529289187988,1.6483833730546729,2.9936022438561793,-3.0819948245939983,1.6475030424204906,0.10497899999999998,1.0109414014395102,0.17835349950870505,False,49
0.1858873462859661,-1.8638176708888983,0.9159818748138672,1.4333664618197168,0.31888530986502095,1.3866541690543104,1.4008461247179171,1.9010368490142597,0.1,0.19889716081811096,0.22995399999999996,0.31888530986502095,-0.09114913152723123,True,50
0.12184077495068972,-1.9206634181202524,0.25553019444675995,0.589616443998297,0.680510225597748,2.5601952859344457,2.6815016180544053,4.095284241888202,-4.124209327343036,0.7974026746302247,0.004998999999999999,0.680510225597748,-0.06044081262894513,True,51
0.14433961052334016,1.538086126472452,0.7016510401306252,0.23863497729894448,1.2567126854796313,-0.008447634187657345,0.5163030109832569,1.0629152648669715,-0.8955310056619071,0.5162338972084345,0.03999199999999999,1.2567126854796313,-0.07200294321882635,True,52
0.0279356112583361,-1.6280320293510866,1.9300452618054964,1.5560577526310453,0.572995883890957,0.04497470004355118,1.151992829378173,2.149773280379569,-2.1316848396571038,1.1511145708810746,0.24994999999999995,0.572995883890957,-0.007053700571607672,True,53
0.04833186406956675,-0.4530777073125538,0.7444702962823297,1.7739941625964517,0.686254224239656,-0.12909382981148668,0.8226486947567434,1.5130157236704016,-1.529451461628407,0.8124565576629784,0.10497899999999998,0.686254224239656,0.24947309884003754,False,54
0.033793051744530386,1.7072208094343448,1.2823953910589942,0.41007774220580395,0.2584438240649912,0.0006534118734043695,0.11810258568812522,0.19432858294625147,-0.1951867617781786,0.11810077814792184,0.06498699999999999,0.2584438240649912,-0.016872250970375185,True,55
0.14512063993763663,-1.6316441372435353,1.300329165185241,1.3094908239708385,0.1449138880654152,1.099194463706342,1.1069196672570165,1.4711696626591289,0.1,0.13054761858307298,0.20995799999999995,0.1449138880654152,-0.07235829337706613,True,56
0.2441526065019754,1.147179043757994,1.839085710369086,1.4065519641292588,1.0700071252693126,-0.003040336760139264,0.775984670769591,1.3006225883977995,-1.3932541584566691,0.7759787146705607,0.22495499999999996,1.0700071252693126,-0.12051747154918513,True,57
0.05748507979141869,-1.9044447440847532,0.22456998959499785,1.9360304122886431,1.0040099117834869,0.25079567820152504,2.583296315332385,4.331467912792835,-4.234543712524085,2.571093421213106,0.004998999999999999,1.0040099117834869,-0.0243627868224707,True,58
0.2846029332830881,-0.6024625645116175,1.5349209956566865,0.3177181376510002,0.3326872318301596,0.021801104751585143,0.6136922748412551,1.14830465393599,-1.1482991253026886,0.6133049160339782,0.04998999999999999,0.3326872318301596,0.03251846567477243,False,59
0.09036866711287708,0.20127300680296667,1.1590768721727291,1.0981756141526269,0.6942490184849085,2.5956528783595446e-05,0.907283488492879,1.616813060813486,-1.750641944406352,0.907283488121583,0.17496499999999998,0.6942490184849085,-0.04243035605360532,True,60
0.17695449649833858,1.866649581551353,0.9703511649236264,1.7074485592371287,0.17822075104461968,-0.0002267521489961027,0.12152754743699798,0.28917227114875604,-0.2919474690031339,0.12152733589408897,0.26994599999999996,0.17822075104461968,-0.08763781716786845,True,61
0.1218203045967167,0.24198577456959658,1.2786090557443806,0.6500330118776203,0.6590074188812333,0.05237392000486866,0.6453667709373606,1.100078924697914,-1.3055982989607355,0.6432380908601724,0.10497899999999998,0.6590074188812333,-0.05993587721666866,True,62
0.2846317889333501,0.5954030160477961,1.2114358719833598,0.3175376789357137,0.17304676070040678,0.002601572660958651,0.21081853413890647,0.31963035192579153,-0.3161694252756669,0.2108024813804786,0.04998999999999999,0.17304676070040678,-0.1423274071418768,True,63
0.07130554987129874,-1.448708896605468,1.9691248656192466,0.20494486568479547,0.6121809408527239,-0.060845800850752196,0.833460972946521,1.5180781594749393,-1.4574361120509949,0.8312370191129556,0.034992999999999996,0.6121809408527239,-0.03439358783349584,True,64
0.026942510390902466,0.5600422332707065,0.18841308394223233,0.3231373439751002,0.21191950785136643,0.006663675070746872,0.32336648615194385,0.6915298802806235,-0.6746079621268549,0.3232978190474022,0.04998999999999999,0.21191950785136643,-0.013525311440805626,True,65
0.08881768807783505,0.3054322719866023,1.630352373498622,0.6809448521022694,0.49643947919725295,-0.00327572367660853,0.5461269609880554,1.0022923675957005,-1.0980689552943377,0.5461171368419449,0.10997799999999998,0.49643947919725295,-0.04398946832745599,True,66
0.2490998217460617,0.9837935207052904,0.3409480218789358,1.6514280824714425,1.2637515520893936,0.0020034097764443006,0.5525992492343149,1.2387110419300935,-1.1353831046379064,0.5525956176116457,0.26494699999999993,1.2637515520893936,-0.12465906901109776,True,67
0.061569477234460705,0.5077919942902143,0.47381288146035205,0.6382868816505486,0.7916080574600988,0.010785520282692503,0.8544422625942251,1.5966694194369464,-1.7993631274942863,0.8543741877300426,0.09997999999999999,0.7916080574600988,-0.029563041762877825,True,68
0.16144380810573444,-0.08386593840725087,1.1281680012779967,0.5836964175658144,1.190012515379077,0.17450046311470105,0.8609320576506891,1.7223040841369492,-1.6634297501806128,0.8430620358333094,0.09498099999999998,1.190012515379077,-0.004406722626704509,True,69
0.0905760394882964,1.6507331588764411,1.0787950768202201,0.7466312953002527,0.3441374635116202,-0.001869302551009578,0.21051194216031338,0.37663974655199917,-0.4350454195008614,0.2105036424864898,0.11997599999999997,0.3441374635116202,-0.04517479915591355,True,70
0.15070914910064878,-0.4948107993945907,1.2838782023716722,1.0972272487213097,0.15174357720097548,0.5061345866354445,0.5498066316334105,0.8011458554723339,0.1,0.2147442953827748,0.17496499999999998,0.15174357720097548,-0.0741818908992423,True,71
0.2515974829544747,-1.793304243522416,1.6724308113324997,1.6629493581501973,1.3935763754025865,0.02432729117653619,1.3407902107268148,2.2747338540942725,-2.2744627570952125,1.340569495432769,0.26494699999999993,1.3935763754025865,-0.12530883730061454,True,72
0.2026763019339445,-1.357505463578598,0.9396658817626716,0.990978788306847,0.9852661810746807,0.015333197332229407,1.3015060026255272,2.3383576322329986,-2.2996162905392374,1.3014156783786839,0.15996799999999997,0.9852661810746807,-0.09980156384895959,True,73
0.12052988439717262,0.7027123518764733,0.48742402218589165,0.8360314006638057,0.8606387758022962,-0.0032749846122712215,0.9227757112487216,1.7981554427178488,-1.661109646747441,0.9227698996750887,0.13497299999999998,0.8606387758022962,-0.05911095226253257,True,74
0.1340188048521902,-1.509897396923999,1.9350734294487584,1.4443317238456486,1.2662491089074361,0.004893050052478391,1.1532891765890556,2.1526934224005125,-2.0747373729626792,1.1532787966916958,0.22995399999999996,1.2662491089074361,-0.06332197551296431,True,75
0.11366361642385246,1.7795836406763494,1.643649491050401,1.9631112420581946,0.3763519533457276,8.415108531698552e-05,0.13743312333908095,0.40131092793185613,-0.37146707012216107,0.13743309757598376,0.30993799999999994,0.3763519533457276,-0.05682952298507036,True,76
0.14837914821421536,-0.45660402371052244,1.2664004916457703,0.6503955206023282,0.24066120565096086,0.003268968458218114,0.7071722716813745,1.2553506527112486,-1.2218192112537,0.7071647160882781,0.10497899999999998,0.24066120565096086,-0.07479854748607957,True,77
0.14821881018038524,0.5578877460785336,0.8296292951334886,1.9773908168893168,0.6683842810084574,0.0002938480063802332,0.1465632566061683,0.3571461675763922,-0.39704402535113636,0.14656296203459687,0.31493699999999997,0.6683842810084574,-0.07486846561644526,True,78
0.09694650730696577,1.255591300398046,0.9867106257623125,0.6917902088585728,0.501087434260249,0.001039644289351404,0.36530047239184854,0.6163301553912759,-0.779547225787591,0.36529899297624585,0.10997799999999998,0.501087434260249,-0.04795126138828745,True,79
0.2846751788808291,1.8469469926396882,1.3278501028616754,0.7017823580145748,1.095916661206579,0.004396351618100049,0.43823592192774485,0.7208019433422105,-0.851176697808818,0.43821386942942653,0.10997799999999998,1.095916661206579,-0.14175345037920087,True,80
0.07286314976147154,-0.7116612503442563,1.1292990834352543,0.9220594900961823,0.5914334076884216,0.01899971151384029,1.009082674992602,1.9017390593613401,-1.9000195936553441,1.008903789234938,0.14497099999999996,0.5914334076884216,-0.0341295338059019,True,81
0.29249898455108153,-1.3191753020810038,1.2661792620038939,0.2693745010709292,0.2284006319874662,1.0041083433600746,1.0098873560761181,1.4519800118943575,0.1,0.10788376503023468,0.04499099999999999,0.2284006319874662,-0.14623329084055356,True,82
0.07089884145340011,1.966744784057859,1.48020681453282,1.762468572132558,0.16927729849140316,-0.0002730083731056313,0.11797942130148928,0.34348176284006343,-0.3281189986280155,0.11797910542575966,0.27994399999999997,0.16927729849140316,-0.03520918475416359,True,83
0.20761715126927513,-0.2402540822559769,0.8911979022551637,1.474858629646349,0.5316465307498127,0.39407940130261393,0.43877357534263817,0.7229422240662893,0.1,0.19293438233745455,0.23495299999999997,0.5316465307498127,-0.03868394404760693,True,84
0.15890566874859716,-0.9571011127051343,0.8436677341255762,1.1599871153685541,0.3210334039567684,0.1233815056049728,0.9356847901846259,1.5802145647998926,-1.5526426019181983,0.9275144368997701,0.04499099999999999,0.3210334039567684,0.13091771168679853,False,85
0.09009426535250901,-0.31837637911383876,0.9982211592034952,1.6400071424198328,1.000130159414639,0.07920811504934475,0.5362818167116079,1.6509671179870224,-1.6224654502394693,0.5304000956314322,0.25994799999999996,1.000130159414639,0.1115555481072945,False,86
0.17312211929141402,1.4794695748015863,0.474962843075851,0.38734946332046294,0.6512152987148296,0.005443757782852481,0.3298346166044835,0.5849333538486987,-0.5212065442730216,0.3297896902752241,0.059987999999999986,0.6512152987148296,-0.0865405954444806,True,87
0.04978508711161068,0.22392415240346608,1.1899223309251812,0.4368683895494423,1.1024755925749508,-0.004943518492735275,0.809066601948811,1.3334482056184258,-1.2671672472565396,0.809051498987492,0.06998599999999999,1.1024755925749508,-0.024448111385834876,True,88
0.17139645019342725,-0.30727202292143563,1.8432153692686855,1.7406421298900177,0.40935682927081374,0.3536886721431398,0.37227321343760683,0.6130392798789691,0.1,0.11615364239137967,0.27494499999999994,0.40935682927081374,-0.06071271037325183,True,89
0.05830912119248751,1.6621456156588699,0.3987785881761641,1.5629713875535187,0.5375238221369592,-0.00565540601269435,1.2961362743274187,2.414142721490417,-2.3984070112161704,1.2961239362075654,0.24994999999999995,0.5375238221369592,-0.025270187759854675,True,90
0.11474375052342901,0.21489858387110905,1.8593319181043408,0.20370231751631573,0.3272022681632478,0.0008941609957031659,0.39117158758562154,0.7078094290468375,-0.6701172976162199,0.39117056562370506,0.029993999999999993,0.3272022681632478,-0.057153939388968934,True,91
0.21886141581138518,-0.42213388230201687,0.6468397978039155,1.9332121846295744,0.4696397926539915,0.7764553292232822,0.7872003683056648,1.0755631852738317,0.1,0.12962076061086325,0.30993799999999994,0.4696397926539915,-0.005584284182022783,True,92
0.21710841778183274,1.85690267637022,1.5492555068682314,1.4769452646569212,1.112489397874766,-0.00038755977873566536,0.7439920367515868,1.266563808937442,-1.3614771636990617,0.7439919358079039,0.23495299999999997,1.112489397874766,-0.10744913006018304,True,93
0.24351557098097426,-0.9151454043203082,1.290704777839007,1.6451946092784206,1.3435214978155654,0.03016418600747323,1.3625546856499653,2.3436991572417396,-2.3035903921648697,1.3622207579057009,0.25994799999999996,1.3435214978155654,-0.1222610764479733,True,94
0.27269190443033686,1.6155855743499838,0.2855042189832582,0.8775309572801866,0.7389489168865867,-0.0023761958234015047,0.5259867458968489,0.955107734891684,-0.917150206487946,0.525981378522629,0.13997199999999999,0.7389489168865867,-0.13629341696468814,True,95
0.2685887671504057,-0.32298552248054646,0.6033329963823479,0.23574579168666498,0.5042559888670316,0.08901975754410253,0.8966540282813104,1.5159296906183157,-1.586590891739933,0.8922241473978891,0.03999199999999999,0.5042559888670316,-0.03127095415656047,True,96
0.23641001357269406,-1.9193162477605936,0.4134884631021265,0.759743157523816,0.8448155006383288,0.019439560650117742,1.8149104432676046,3.277089192157677,-3.2994503552029473,1.8148063314203928,0.11997599999999997,0.8448155006383288,-0.11643167292897975,True,97
0.11528256227649597,1.5305587783590635,0.4942074948185423,1.2109419207542425,1.1889445071927793,-0.0006711049423108193,1.003088289064402,1.889019563035177,-1.9540076169441285,1.0030880645667688,0.19496099999999997,1.1889445071927793,-0.055951464486498785,True,98
0.2795863864372561,1.4939210933655023,0.357489907107293,1.625240143362061,1.0454847772972158,0.003342079473225381,0.835643371534989,1.4481130722706166,-1.4513068225774095,0.8356366883371975,0.25994799999999996,1.0454847772972158,-0.13939904707342907,True,99
0.13226503164223105,-1.8977316041501475,0.419164794820174,1.549029487217704,0.21760667488748453,2.094213495371328,2.107569093557231,2.8537312806125974,0.1,0.23689094520950707,0.24495099999999995,0.21760667488748453,-0.06426199135932277,True,100
0.10066847824653857,-0.9791502468935822,1.5175917041074174,0.8463076925173716,0.22206353738425263,-0.01362271984736456,0.8300672509967363,1.4357814134949853,-1.463879198556423,0.8299554582513685,0.13497299999999998,0.22206353738425263,-0.0497353227052048,True,101
0.1174282095266738,-0.6926804931252728,1.462340597906855,0.7762199963576384,1.0710619087288558,0.020966554050239488,0.9258442633810586,1.7827078162912342,-1.7962851184058366,0.9256068299482635,0.12497499999999997,1.0710619087288558,0.07924660081417609,False,102
0.1661923914957901,1.5509313148978863,1.4933938285928168,0.9342537365654957,0.778873325477822,-0.0032158173102597495,0.4657950533714848,0.8522133876191688,-0.9001705100379128,0.4657839523474069,0.14996999999999996,0.778873325477822,-0.08273982299084236,True,103
0.14670187036094764,1.4868095900740999,0.3622687262538372,0.9636140223713259,0.8488768804738064,-0.0038110878159374148,0.712016523228033,1.4225624259679237,-1.2081989607096058,0.7120063236793585,0.15496899999999997,0.8488768804738064,-0.07322053211388731,True,104
0.13650462134922187,0.3921138719951216,1.0478018812977135,0.9446523367915414,1.0615381616623942,0.0020425950793907417,0.8875276610031009,1.6968437201733004,-1.6338803716169303,0.887525310541044,0.14996999999999996,1.0615381616623942,-0.06638368516674542,True,105
0.10550351505545542,0.42760405467609397,1.4842608599343614,0.43516394442898926,0.5570329421069048,-0.0047431924552660985,0.45981520818851024,0.9651323479482441,-1.0040044230536205,0.4597907434983607,0.06998599999999999,0.5570329421069048,-0.0522618604044336,True,106
0.2839643211235955,1.864085150250498,1.9855386499577548,0.27654650099888767,1.2571122764765887,-0.010281671695374119,0.3993970319626991,0.7729293192493983,-0.6153682826216262,0.3992646695711528,0.04499099999999999,1.2571122764765887,-0.14173307508082386,True,107
0.28122998402832083,1.6077777602209755,1.4583884766131672,1.4161148171982012,1.107449263083741,0.0008528983320039245,0.7669982230656373,1.259915568836261,-1.3499102200264494,0.766997748856071,0.22495499999999996,1.107449263083741,-0.14028191192341258,True,108
0.17671688726263335,1.1536803193732657,1.0536662472212317,0.6066874998042111,0.23208863496943363,0.0024542086159653333,0.1931253587507726,0.2852837800997295,-0.3708439911070458,0.19310976426033963,0.09498099999999998,0.23208863496943363,-0.08823310341296935,True,109
0.273394159757688,1.0195159256123456,0.43675967794465187,1.6804248991821602,0.5204854540938484,0.00037665752813445205,0.20366091691213112,0.4508066047022587,-0.47705497871057206,0.20366056861011772,0.26494699999999993,0.5204854540938484,-0.1365081092325215,True,110
0.1943399419114934,-0.5753885690052054,0.5069098640282216,0.5160957748090608,0.19933043504217066,0.02673429832333217,0.9875670153834317,1.6827659413668266,-1.684235845464468,0.9872050887057353,0.08498299999999999,0.19933043504217066,-0.0967337279107504,True,111
0.03158718135445098,-1.7236391570696714,0.2708456566110061,1.701252720200098,0.8249316557228841,0.16174801573860756,2.210800184987184,3.96836011701277,-3.8481919496765915,2.2048752883879827,0.04499099999999999,0.8249316557228841,0.1922063888237612,False,112
0.04728936429184611,0.09997859553123911,1.1309966229527686,1.0938656628995131,0.3890809104637023,-0.0014325900506013283,0.8738182663929062,1.6667995903005501,-1.6891865996911224,0.8738170920551113,0.17496499999999998,0.3890809104637023,-0.023265902371716288,True,113
0.13597538729511383,1.4834258142775218,0.829097407791641,1.1071734372418942,1.4023393587050221,0.005877525504939603,0.8422597821222337,1.6794397264171181,-1.5311582262661165,0.8422392743600428,0.17496499999999998,1.4023393587050221,-0.0678953132230849,True,114
0.07751240540388073,0.9020307472249542,1.0192985355574231,1.617262243939355,0.6035429207560987,0.00015464353673760699,0.2836269895210774,0.7885590153009702,-0.7434777853246564,0.2836269473624921,0.254949,0.6035429207560987,-0.038833047300074475,True,115
0.16728399831344193,-0.5268562253940465,1.7456835568606273,1.846672201385457,0.9845497973957286,0.11259982839571435,0.5649738272651894,1.1506732832188604,-1.2954237886231121,0.5536395073871913,0.29494099999999995,0.9845497973957286,0.26146423525126444,False,116
0.294495868574218,0.9282227276313941,1.6778054707396386,1.8104971697514651,0.4806680664725683,0.0008184475774464208,0.14693671536428599,0.3044909387142015,-0.3792306595768724,0.14693443594204925,0.2899419999999999,0.4806680664725683,-0.1470928923145398,True,117
0.2961365997919616,-0.4383439066287407,1.0447038332501182,0.5245827169933943,1.25007029900463,-0.010017878501321045,0.9377511799629887,1.80462117276818,-1.8159324395855694,0.9376976685650394,0.08498299999999999,1.25007029900463,-0.04991073480081736,True,118
0.1077003117404452,0.7573777819393377,0.5148756302497937,0.8324535089992333,0.6379422807960694,0.003603604775163119,0.7905229006134445,1.562303484065533,-1.3456755460404217,0.7905146870406131,0.13497299999999998,0.6379422807960694,-0.05344945093831684,True,119
0.07862095824135672,-1.8597462317232458,1.563396940584731,1.9106383935020226,0.4167470005787851,-0.01011250184660039,0.9793100560459838,1.6277310263617353,-1.6127916894580407,0.979257843052171,0.004998999999999999,0.4167470005787851,-0.0392659655676569,True,120
0.057168895841505245,-0.609583298577689,0.2572554030964539,1.3695191763738312,0.615973526879454,-0.080730165948996,1.446813140538172,2.529590458608528,-2.6437220536608255,1.4445590690379453,0.06498699999999999,0.615973526879454,0.21092986822519424,False,121
0.17311878073737597,1.623399945459862,1.7370007248985035,1.859018346284561,1.4090808034799471,0.003306724128124688,1.007578520240797,1.7846189302109803,-1.83947371461538,1.007573094135693,0.29494099999999995,1.4090808034799471,-0.08369957525577035,True,122
0.1810476144250845,0.009201143451802452,0.1714688147104324,0.3843943604841409,0.833492752824435,-0.24104770157718564,1.3638244356256086,2.6198392163322115,-2.5398333542882665,1.3423535662312913,0.059987999999999986,0.833492752824435,-0.09025015996363382,True,123
0.25824240833723666,-0.2694617571530724,0.10708578834413696,0.5821455911513058,1.1639585855076764,0.029334089401783107,2.21990135886218,3.8380655205261314,-3.8981538554775277,2.2197075380052036,0.09498099999999998,1.1639585855076764,-0.12981401499647585,True,124
0.05594121667363561,-1.2016946593783908,0.6425185219865518,1.2967100778106433,1.2709677766790404,0.06301385577312436,1.737440462347951,3.2540429668119093,-3.3950960430178467,1.7362973864475133,0.20495899999999997,1.2709677766790404,-0.02412478985733591,True,125
0.07347950285409638,0.3978714951258304,1.1068871649787004,1.0007555716570669,0.9125887331180915,0.0010642766328253501,0.8684817046642281,1.7491873680801138,-1.5311018676641364,0.8684810525577011,0.15996799999999997,0.9125887331180915,-0.034290732710402505,True,126
0.24609437183601993,-1.130047773286158,1.04474488667091,0.376257010063031,0.8185325770961861,0.04132887913846629,1.0252255196352884,1.8748953234585346,-1.8683319406976402,1.0243921562861584,0.059987999999999986,0.8185325770961861,-0.12200429523133295,True,127
0.23939227862287768,1.9942355626068164,1.0038168027629895,0.733886121259562,0.9113050146840713,0.003948480156714492,0.3821364451814761,0.5673670121470915,-0.7787008401416352,0.38211604551547856,0.11497699999999998,0.9113050146840713,-0.11906877898672448,True,128
0.11780809589508803,-1.5319904435217602,1.0965472868579411,1.638444243810581,1.3475782023223757,0.037716565645353334,1.5952571705985783,2.854978338700119,-2.891335006679101,1.5948112430698818,0.25994799999999996,1.3475782023223757,-0.05485329126529001,True,129
0.29365224443311994,-0.529101508565748,0.5781638374048962,0.39947739238335667,0.7107246842191729,-0.012631509259835362,1.0675952500786905,1.93290432387083,-1.925923291825854,1.0675205210975574,0.06498699999999999,0.7107246842191729,-0.053799359694799806,True,130
0.2440378764716458,-1.0614208495019293,1.7141763463259045,1.48112663207362,0.3813199487364609,0.45611100022430556,0.6668325017351978,1.1834285719401483,-1.1888614195958025,0.4864445917520372,0.11497699999999998,0.3813199487364609,0.1466217034695317,False,131
0.19320794635039573,1.2787687311740328,1.8724536956298499,0.4919865746538577,1.250821271118156,-0.005791469275571406,0.536807189365896,0.887610643843611,-0.7942143055991138,0.5367759471497797,0.07998399999999999,1.250821271118156,-0.09609402931225963,True,132
0.23499623547120024,-1.0251134374336517,0.6597046802694719,1.922751258054054,0.6068224811444984,1.0449353283692089,1.1813711989912028,1.7837010422864183,-1.8123830140282842,0.5511334405857129,0.30493899999999996,0.6068224811444984,-0.1173795700103197,True,133
0.09380307052262854,0.8800444768188678,0.3525214198739105,1.0697047699194107,0.6013863767326604,0.0007949196058090692,1.084234251654457,2.038087753404051,-1.9275049685219035,1.0842339602519009,0.16996599999999998,0.6013863767326604,-0.045623572301075666,True,134
0.167756039459083,0.41300057540202273,1.3162041624109073,0.9783183047398458,1.341705372255619,0.004810170437794547,0.867382202459804,1.5710721615761558,-1.6610256219934116,0.8673688646731446,0.15496899999999997,1.341705372255619,-0.08125963343532783,True,135
0.2523460667855481,1.7334311415681447,0.9472207190841719,1.5141546460537443,0.7029741015007821,0.0022548018561384586,0.8298686125998157,1.3449319845432783,-1.3326868124040432,0.8298655493794959,0.23995199999999994,0.7029741015007821,-0.12457630326904845,True,136
0.09084699881388825,0.6075457884690163,1.8973755992701984,1.6477541856293538,0.49928248412082443,-9.959515491008979e-05,0.18495707602197048,0.47210612869735014,-0.5211969277665137,0.1849570492071121,0.25994799999999996,0.49928248412082443,-0.045474621398300406,True,137
0.07615066934484577,1.0865818447530682,1.4397441109299012,1.7544831432586405,0.3049062553424521,0.00039295047061774284,0.11919821036409521,0.3540589880230333,-0.344666730874801,0.11919756265935448,0.27994399999999997,0.3049062553424521,-0.03794688225165272,True,138
0.25988697848434483,-0.2694981893650037,0.6193564089458531,0.8178403924867317,1.4909054656178415,0.009161395827945862,1.2637846856295214,2.20557317174237,-2.370966734877991,1.263751478914344,0.12997399999999998,1.4909054656178415,-0.12682220550962198,True,139
0.287249316255702,-1.6650158580795162,0.6988580886624698,1.4952422443816427,0.1494551842516046,1.5211752437691894,1.5298032288763443,1.9890905624477593,0.1,0.16224609956555383,0.23495299999999997,0.1494551842516046,-0.14276593774154195,True,140
0.02041785978677725,-1.8204388263126705,1.7500451831899175,0.8007183913897731,0.5462357658801166,0.07716542752099224,1.0095160792093973,1.8654275342124345,-1.869479949992122,1.006562571814498,0.21495699999999995,0.5462357658801166,0.00856312827639455,False,141
0.2400697081045437,-0.7257348340935912,1.503018625630925,0.8648133111257961,0.5165270387308314,0.009884866202133519,0.8413587092853648,1.4491078880739106,-1.4572043480396681,0.8413006401462565,0.13997199999999999,0.5165270387308314,-0.12085691646529956,True,142
0.12229568914564783,-1.327851029572769,0.24252117798402228,1.7681626037067473,1.315736451670372,-0.7918903166355084,2.090524883442774,3.6528060264084297,-3.680195622963642,1.9347361615249605,0.04499099999999999,1.315736451670372,-0.06139078648252223,True,143
0.14363818943041526,0.7535049028979657,1.7390342708985087,0.903302076615732,1.0965344597960631,-0.0033608801627785694,0.6592348983772018,1.1748793718602024,-1.3238318684940094,0.659226331181432,0.14497099999999996,1.0965344597960631,-0.07133733263470116,True,144
0.22888951183131728,-1.6877015598776528,0.362507938371863,1.5505939684741497,1.0879085123333985,-0.06128146056196811,1.888313629597792,3.2254013527252807,-3.216631876554036,1.8873189837216653,0.04499099999999999,1.0879085123333985,0.20851347597500874,False,145
0.06372756977425563,1.3069276918227035,1.6217122248665519,0.7989383515252844,0.5763947987264258,0.0017458544561281518,0.3913976597768745,0.7656816624773939,-0.826416219289408,0.39139376600941417,0.12497499999999997,0.5763947987264258,-0.03177746573995063,True,146
0.0420658780669339,-0.2180673761043912,0.3085463941493923,1.1781328554592052,0.974416643619508,0.01581706058934056,1.8921651833481021,3.7359011778795437,-3.776695254952795,1.8920990729000078,0.18996199999999996,0.974416643619508,-0.017250999008889167,True,147
0.17876293138552063,-1.7134058245934285,1.2811738492969427,1.5539868760795361,0.29859449092479873,0.8047367619604069,1.01048479095839,1.624652487602904,-1.6617848960483905,0.6111286744276534,0.03999199999999999,0.29859449092479873,-0.0501517518389859,True,148
0.18257227080126642,1.2762219009548068,0.46787693862143587,1.8441468574338202,1.4606797139796197,0.0023570560386875767,0.5419174512658343,1.3114688697653285,-1.2991662523303003,0.5419123252642336,0.29494099999999995,1.4606797139796197,-0.09106377242787167,True,149
0.21637692129023636,1.4881430720986515,0.6163871557185239,1.396943096665471,1.3966019562410743,0.0036893251082906354,1.1479212384044672,2.00336030289407,-2.053499463475485,1.1479153097943642,0.21995599999999996,1.3966019562410743,-0.10555690463382837,True,150
0.02297141601629832,1.2832981452897023,0.550154017411341,1.642003601473431,0.9993873563443848,0.005577893793790065,1.4711254052088252,2.9276341745800125,-2.9320316129042063,1.4711148306477149,0.25994799999999996,0.9993873563443848,-0.009714549137085204,True,151
0.24244793515174906,-0.3960200788524353,0.955410490273872,1.8637351853116675,0.1997271808575513,0.6305178659981967,0.6351161430157709,0.806518508547154,0.1,0.07628719274104462,0.29494099999999995,0.1997271808575513,-0.07386022790685089,True,152
0.05529821077275043,1.8913296420449566,1.8351774826872813,0.46436249769010685,1.4628429038166475,-0.007558742836591514,0.47469226665819514,0.8899654343542436,-0.8639487760461982,0.47463208217715885,0.07498499999999998,1.4628429038166475,-0.027602752493187752,True,153
0.08698207514044552,1.568427465077208,1.819072932402491,0.242742428560406,0.11359628895540219,-0.0014874822433352233,0.053218311423605724,0.1,-0.08892813499226829,0.053197519372200484,0.03999199999999999,0.11359628895540219,-0.043437001980401055,True,154
0.10482850977782032,1.72471390942209,1.603553007864537,0.8963317612282324,1.3012151393496891,0.007038473857373083,0.5505678772554832,0.848795297619726,-1.187641458605267,0.550522885402022,0.14497099999999996,1.3012151393496891,-0.050430198277026154,True,155
0.09919293078468218,-0.6103303895835652,0.4619088114936246,1.9271919879684334,1.2250828864849093,0.19144257230942863,1.1098316385035465,1.9471519281080603,-2.0704793309237504,1.0931953198450017,0.07998399999999999,1.2250828864849093,0.1943273368859104,False,156
0.14410319356911913,-0.9428937176464851,1.935361241004536,0.9142759380077843,0.3949877902535871,0.006356447330090858,0.7931942886103036,1.3696668847285107,-1.425010826479979,0.7931688187651765,0.14497099999999996,0.3949877902535871,-0.07050549964346571,True,157
0.13315035060127237,0.8764868410044726,1.5643011180678348,0.3961739938456895,1.4243030745752667,-0.013032872267255725,0.6430509458802597,1.1561953118797645,-0.9279228858096078,0.6429188620953362,0.06498699999999999,1.4243030745752667,-0.06417241188839229,True,158
0.20562551825878256,-1.7500169517377269,1.6911292315521325,1.9494267264096061,1.2728466991786542,-0.002804245316310977,0.9998765213981623,1.6426170489054972,-1.523839125427642,0.9998725890089676,0.10497899999999998,1.2728466991786542,-0.10088380760426362,True,159
0.012837614995393057,-0.10764436728378035,1.2194301705228978,1.7983976486647308,0.8038646795807467,0.008887536740141871,0.5486398471799341,1.4783379053825954,-1.5416170093880364,0.5485678568821857,0.28494299999999995,0.8038646795807467,0.04694373965472763,False,160
0.03242390646089615,1.7341020201441442,1.9082980158510918,1.0750919870251576,0.17481983107666166,0.0011830766126215472,0.18615779693987416,0.36670164628498886,-0.37482084730429793,0.18615403753675633,0.16996599999999998,0.17481983107666166,-0.015723431625194483,True,161
0.2532782969577554,0.9666907057640812,1.9453447516217497,0.2131646501673189,0.7096922293281356,-0.013344127547378943,0.38390167557931054,0.7124810446505511,-0.5673432233613199,0.38366968967146925,0.034992999999999996,0.7096922293281356,-0.12659292418722182,True,162
0.09230269560338739,-1.5691796172666752,1.4967557450788833,0.8141868494787154,0.15455679476962114,-0.96100143720511,1.0066323815755438,1.4187385718774088,-1.409473388387413,0.2996414345950245,0.004998999999999999,0.15455679476962114,-0.045636806069093934,True,163
0.04875177366065744,1.2240011889108007,1.251154934179822,0.5870911253125065,1.0744591192024828,-0.006612752671040147,0.5286547423411653,1.202362268154163,-1.089659082939823,0.5286133824468648,0.09498099999999998,1.0744591192024828,-0.0243623886832053,True,164
0.047817390176703466,0.6927510300079152,1.3445764853031197,0.2099463167586723,0.8161216632482923,-0.014456753595513691,0.5209623996799296,1.006173022472932,-0.9821749837523485,0.5207617729401318,0.034992999999999996,0.8161216632482923,-0.023770102581709085,True,165
0.2206314752604744,1.034134958492583,1.4408458445314296,1.7930821049676526,1.1586909766612394,0.0003271772825603563,1.1008716674927226,1.8560220015138431,-1.8896047256965651,1.1008716188744414,0.28494299999999995,1.1586909766612394,-0.10675585200484047,True,166
0.277377071007969,-0.3407719856715441,0.16490587466379386,0.5258061470129898,0.5028951939404822,0.006302663749384379,1.6218080010647824,2.6816144331671694,-2.6969454236836587,1.6217957543252504,0.08498299999999999,0.5028951939404822,-0.13856222815244287,True,167
0.022119568002964177,-1.567361832575806,1.0856803301525184,0.6544808896373999,0.4997491888541217,-0.07590244761732069,1.1244608358612835,2.1373413015260954,-2.154003873791037,1.1218961582212306,0.10497899999999998,0.4997491888541217,0.008024501246461391,False,168
0.22502616272230597,1.4187185372543878,1.7378756356446612,0.8671188753246,1.093482102629961,0.002060797609035395,0.5320593251407183,0.8089982042179201,-1.0695195903720758,0.5320553341358502,0.13997199999999999,1.093482102629961,-0.11116819441976235,True,169
0.25716834354472884,-1.3961698397554132,0.48105196819703644,1.3663285275711197,0.47177050388858877,1.2882760969846834,1.4356211220386135,2.3513474178997096,0.1,0.6335240358355145,0.21495699999999995,0.47177050388858877,-0.08380188180774091,True,170
0.06587637460347207,-0.5299190907097078,0.13036816962724118,0.9889746976294067,0.16617791909447302,-1.2748509599927647,1.7921359204621312,2.797536338713057,-2.8488716372879015,1.259565872519646,0.004998999999999999,0.16617791909447302,-0.030761745234259785,True,171
0.08096597203585426,-1.1298311965546466,0.725945944369067,0.4257019216689258,0.7596749829942392,0.015368221272606524,1.2178968028847137,2.321539645524005,-2.3121208007015404,1.2177998358727609,0.06998599999999999,0.7596749829942392,0.08432983616006898,False,172
0.20947842656415466,-0.6442843059832319,1.8616671156929239,1.7475803819990496,0.5284211896061115,0.09476528797599183,0.5512361997613728,0.9725760675139199,-0.9897664916960398,0.543029362117913,0.11497699999999998,0.5284211896061115,0.1690141199446311,False,173
0.021281117021421492,1.0727668030768949,0.5560233945196706,0.797889873041753,0.911069316885569,0.004338763488872896,0.73870941777218,1.5400409702229103,-1.559868210309068,0.7386966759345143,0.12497499999999997,0.911069316885569,-0.00965191250119219,True,174
0.2996751062972772,-0.8012897335520326,0.9901937055555897,1.3294115891535507,1.0567213308196313,0.0039868678799342945,1.327091617767092,2.1675373593850678,-2.151542924089826,1.3270856290504338,0.20995799999999995,1.0567213308196313,-0.15088074154294584,True,175
0.07152819320044213,0.3812869900090319,1.1338022415223432,1.385443753053696,0.26099576504654864,0.0009154815727579386,0.13253274581776214,0.24099540767598454,-0.39695508851286904,0.13252958389539105,0.21995599999999996,0.26099576504654864,-0.03629979950922755,True,176
0.046625409621694335,1.9021099616638297,1.66047297263621,1.6896031671718996,1.40774617134127,-0.004077437635036991,0.8936512210578539,1.7691694572399324,-1.7934315271251744,0.8936419190036496,0.26994599999999996,1.40774617134127,-0.022334898060462575,True,177
0.2885878504051951,-0.4260498716002705,1.5327276348500296,1.3549161665999343,0.8837903772459196,-0.028648679019746253,0.3335849104663562,0.8231729252371095,-0.8699977886054416,0.3323524419667628,0.21495699999999995,0.8837903772459196,-0.035654068225943726,True,178
0.20701103116324476,-0.7222661955019087,1.738139564077213,0.9326401907736408,0.30745016279463244,-0.009702934292392279,0.770720795801817,1.274919275708636,-1.2758297706110981,0.7706597161831567,0.14996999999999996,0.30745016279463244,-0.10459511999941691,True,179
0.013184446794019412,0.5567573282635077,0.5401002090333584,1.92091800783475,0.3730062403769512,5.311594702792277e-05,0.12409395778565112,0.3205579615247472,-0.2976974321528261,0.12409394641803899,0.30493899999999996,0.3730062403769512,-0.007429988419785751,True,180
0.10169202833498132,1.9365267349337092,1.0877237785518141,1.859644278120801,1.1940127433601366,0.003847186685234736,1.1466837951412876,2.150944037391841,-2.1071248114797068,1.146677341362528,0.29494099999999995,1.1940127433601366,-0.045578367469012365,True,181
0.044500051106144835,-1.1360662520782872,0.8356373590736809,1.7857212513009668,0.5675835952833242,0.0920573418883615,1.0930977229633918,1.967850116850763,-1.902314949521237,1.0892144314836274,0.14497099999999996,0.5675835952833242,0.18578414567761073,False,182
0.14429379118075397,-0.07693807192270308,0.7170349694947875,1.6156735120697858,0.17675741859265373,0.311995756054504,0.31697157664243975,0.4272406096624111,0.1,0.055943083604432335,0.254949,0.17675741859265373,-0.07287743486856658,True,183
0.07551394676165779,1.300340828370354,1.2710492364679769,1.121284693610894,0.6173111492680206,-0.0032688584859061954,0.5944563188503376,1.1496541832888074,-1.1735337314757732,0.5944473312121884,0.17996399999999996,0.6173111492680206,-0.03631282970143867,True,184
0.047740477269929374,-0.1728627631865418,1.9754795040435034,1.271159254572113,0.9072110910382285,-0.0006844331795467937,0.8824163186417505,1.7277144960172253,-1.7595066995373103,0.8824160532064691,0.19995999999999997,0.9072110910382285,-0.019429504061251816,True,185
0.29713438963734173,1.5416135210215791,1.9984787047290709,1.9165400112109279,1.0344955924340373,-0.0020383345348139207,0.9123808394871337,1.4760222558092173,-1.4578011737590755,0.912378562580013,0.30493899999999996,1.0344955924340373,-0.14620337604300182,True,186
0.09854053616153227,0.5125727121086254,0.7615986880461694,1.6593851554254435,0.29222064550605664,0.0005074717394780173,0.09932823734327947,0.24634804330584958,-0.3101492818387176,0.09932694098861844,0.26494699999999993,0.29222064550605664,-0.04983776343061835,True,187
0.14413843670877383,1.3631040885875456,0.963572964264889,1.2818321289557857,0.23759611317855622,-0.0029557048281588366,0.5763104938301123,0.9331007066501137,-0.9416220242213159,0.5763029143668084,0.20495899999999997,0.23759611317855622,-0.07058954554574873,True,188
0.09268044520236902,1.817940914750868,1.348185136131734,0.8568905037049122,0.8236336463521545,0.0038046473282413937,0.41044978528188875,0.7381091008331226,-0.8882160808995652,0.4104321513924759,0.13497299999999998,0.8236336463521545,-0.0453580867994134,True,189
0.2347118876587104,1.1498813997874557,1.673139084060218,0.7213568218355857,0.43362831431732696,-0.0005277150416312324,0.33056856658465744,0.5179416414464498,-0.6283689103208355,0.33056814536592893,0.11497699999999998,0.43362831431732696,-0.11723031048280277,True,190
0.19516745992478546,0.10880258950221977,1.1732848278463168,0.5863068527672968,0.5460737794315609,0.0528583344053818,0.6404151027054558,1.0325905325871931,-1.237773704964564,0.6382299744270308,0.09498099999999998,0.5460737794315609,-0.013068939976117327,True,191
0.2280954223642223,-0.5667069711778483,1.539222546171221,0.28396039308721066,1.4312126515863977,0.04717467283806988,0.9113291004136574,1.5730030602952272,-1.5286175590100854,0.9101072901056156,0.04499099999999999,1.4312126515863977,-0.0554589023768605,True,192
0.07034118121977753,-0.08716946779657686,1.8496819811412024,0.6562634287494,0.41833798161568203,-0.0028338274949062012,0.5683719321520675,1.044194109335166,-1.137859228414681,0.5683648675630854,0.10497899999999998,0.41833798161568203,-0.03485576711802157,True,193
0.29583580472038346,1.6177206688827028,1.1112677747163238,0.30983950110614494,0.9465361914923859,-0.007233605659205677,0.3812840491875793,0.717383714780354,-0.5847913705970481,0.38121542612287285,0.04998999999999999,0.9465361914923859,-0.14779702552050167,True,194
0.08295767439724483,-1.143958096380071,1.8710717696780645,1.3149618359911366,0.7216553349676853,-0.02175328567757914,1.0196045652193861,1.8629028275537034,-1.785130580636234,1.0193724853940502,0.20995799999999995,0.7216553349676853,-0.036681925099800346,True,195
0.028171068989842465,-0.5135144055879581,1.7415679845462269,0.7448173087244547,0.5519119822963786,-0.004117835202828745,0.7769953641510791,1.4532681568878967,-1.4453506069134707,0.7769844524477374,0.11997599999999997,0.5519119822963786,-0.010794187327735879,True,196
0.18598825937530963,-0.9914372855178937,1.1581760493382116,1.5836285608799228,0.501343287316198,0.11287773508323017,0.7987995350652091,1.4381349321685133,-1.3653731599339693,0.7907839870298806,0.029993999999999993,0.501343287316198,0.1340310273775831,False,197
0.14709775253049062,0.305069346537179,0.7903296437460207,0.6025130741982876,0.2601626138244977,0.006564500748888058,0.5514704916137223,1.0069824605421935,-0.9327537655255249,0.5514314195351934,0.09498099999999998,0.2601626138244977,-0.07300266617415817,True,198
0.17399029970660101,1.7497168714834959,0.13565578476415308,1.7581942313662622,1.447462354340262,-0.00012476848355199584,0.8449316667302846,1.8650777135921046,-1.817774709125215,0.8449316575181938,0.27994399999999997,1.447462354340262,-0.0870072999706363,True,199
0.16727468543040275,1.8715338337915277,1.4390866293832574,1.1814053744528292,0.749145025052992,-0.0012205072826983845,0.504496223352622,0.9707677799485239,-0.9056272377866874,0.5044947469885406,0.18996199999999996,0.749145025052992,-0.08332995642880306,True,200
0.14525571201077006,0.727986908296514,0.5455602006743056,1.4877220241064835,0.7873856318384637,-0.0008285385824182942,0.42227851427376034,1.0552267753322147,-1.0120907758883193,0.42227770144902493,0.23495299999999997,0.7873856318384637,-0.07289407528118899,True,201
0.20565204337607465,1.7634470016489612,0.5435619954048584,0.9258059332298352,0.48522418056531247,0.001017187383343823,0.3380571701914514,0.6477067027853131,-0.5807995633289105,0.3380556398696509,0.14497099999999996,0.48522418056531247,-0.10220569859329216,True,202
0.025276160267968157,0.4883588287313727,1.2941880285142917,1.998939530254172,0.94143766523342,0.0004660645476568634,0.2273533035126948,0.5664722966096764,-0.5869957032810548,0.22735282580599903,0.31993599999999994,0.94143766523342,-0.01271417028831988,True,203
0.12487087415654761,1.6046348773549024,0.12923021026942966,0.7448725446384212,1.152700666099974,-0.005822538452198111,0.7160527281298003,1.2621692384908856,-1.5805885091367515,0.7160290549329003,0.11997599999999997,1.152700666099974,-0.062053179745314144,True,204
0.05683123392128551,-0.5550560992821665,1.7132209094602442,0.8204143688212326,0.44014499250813766,0.03620445668447215,0.7528788003827932,1.463254411944196,-1.4822475372111446,0.7520077960912478,0.12997399999999998,0.44014499250813766,-0.02798900666233288,True,205
0.26827059780144635,-1.6903311789015225,1.727714433833366,0.7676923113154526,0.390898604016399,0.015264839068600737,0.8581960777978275,1.5118918504846182,-1.5066440514345258,0.8580603082742986,0.11997599999999997,0.390898604016399,-0.13330496620119198,True,206
0.15148484128733683,-0.06632754098974036,1.932924275788037,1.554508459172184,0.7441714069693774,-0.0008853398601580019,0.2952336180134847,0.5662539952971393,-0.6145973528989737,0.2952322905419802,0.24495099999999995,0.7441714069693774,-0.07645409113374856,True,207
0.17223997201954344,-0.726526931477395,1.967171025435355,0.8946898456122319,1.3399651977715812,-0.02721458153659201,0.8522330216739913,1.6667045940859084,-1.7000521844333747,0.8517983856426178,0.14497099999999996,1.3399651977715812,-0.06962699059454368,True,208
0.20026238384913025,1.6645762897463214,0.7736785552928774,0.9500535678882522,0.6170577483340569,0.0033298299253361934,0.43652649627049317,0.837351611305974,-0.7552475244257976,0.43651379609224406,0.14996999999999996,0.6170577483340569,-0.0999767585877235,True,209
0.2498424172784019,1.8124910611652116,1.6666817311869329,1.012558290545287,1.260735418399283,0.00452721346549833,0.5552720158991522,0.9187402133622371,-1.0847443748727967,0.5552535600776874,0.15996799999999997,1.260735418399283,-0.12434044374748532,True,210
0.22175404700213508,0.07653295060075438,0.4486405182341864,0.6281676802036495,1.0852699573385791,0.09467911417825008,1.123482122876412,1.8314230619007112,-2.1723579826830903,1.119485571930836,0.09997999999999999,1.0852699573385791,-0.013068658468188641,True,211
0.06763442802284647,0.24138393847627304,1.6279585442872295,1.37701653927349,0.953658004060119,-0.00011697373213492952,0.9496728069696495,1.8462133763844557,-1.814635014919628,0.9496727997656664,0.21995599999999996,0.953658004060119,-0.031778642207909685,True,212
0.08474267537781584,-1.520256125547336,0.1644287145188595,0.2834121684230892,0.42446744474322096,2.95256806414015,2.987562863684923,4.407804534612805,0.1,0.45593167370664595,0.004998999999999999,0.42446744474322096,-0.042092554270717626,True,213
0.17172797694052877,-0.3052789553627213,0.4877879685894122,0.7448368496200388,0.7457518070563366,-0.004111434266019518,1.2339810615964917,2.2720006822506678,-2.1342297180750367,1.2339742122455724,0.11997599999999997,0.7457518070563366,-0.08492422032960599,True,214
0.24169324667220524,0.6237165955865169,0.17772050860366,1.066734192919759,0.36039599720667104,-0.00055751063191713,0.4962083067830328,0.8639244051062348,-0.892742385862206,0.4962079935897644,0.16996599999999998,0.36039599720667104,-0.12122520787158737,True,215
0.2579015316371391,1.539616935069399,1.1538629511149676,1.5255344764686747,1.0614934035227415,0.0007951118690250723,0.913699816476809,1.566011713785373,-1.5298903935477197,0.9136994705190925,0.24495099999999995,1.0614934035227415,-0.12667356386249917,True,216
0.24688211167837248,-0.8847370226835212,0.5356477968569926,1.5433563001051214,1.4427146965313795,0.051812838587753776,1.3163305219966965,2.477178384384117,-2.4485742442967693,1.3153104093321752,0.24495099999999995,1.4427146965313795,0.24253978861854414,False,217
0.07664716862283329,0.27109593415955846,1.134017073810538,0.872404802111195,1.1503329014295685,-0.007572735212652708,0.8686065344382496,1.5904000591263148,-1.7557830985699334,0.8685735232841404,0.13997199999999999,1.1503329014295685,-0.036821597766850525,True,218
0.048212240825993104,-0.5128917046876311,0.9190277343255726,1.9153996027604279,1.0580253065318441,0.005035904043384038,1.0141978908873654,2.049902054188167,-1.9719780773168596,1.014185388156843,0.30493899999999996,1.0580253065318441,0.24618183386253015,False,219
0.21617807480077172,1.9991645744123563,0.5308795395562891,1.2863479383275442,0.25072637406733933,-0.0013858601184911002,0.3392235630578008,0.5427172595097193,-0.5377304636445234,0.3392207321573399,0.20495899999999997,0.25072637406733933,-0.1076711553991789,True,220
0.05712403550599948,0.784511363895299,1.6693685125863356,1.3444356612741235,0.9116960523866694,-0.00196638336696522,0.8261127392503023,1.534767846275107,-1.648993087687764,0.8261103989710407,0.21495699999999995,0.9116960523866694,-0.028528142705976,True,221
0.23928291062579707,1.824949684606894,1.8584921291791485,1.655798612292771,0.7049650662960565,-0.001883939162699331,0.7159208054521098,1.1957384256911372,-1.1706254806072083,0.7159183266633345,0.26494699999999993,0.7049650662960565,-0.11669682638368556,True,222
0.2322368623208578,-1.0646707507250635,1.8176924884979637,0.7035217474872113,1.4725385956598414,-0.12280707252885263,0.9370931499919432,1.7745741616243487,-1.7560118974191181,0.9290112995538405,0.10997799999999998,1.4725385956598414,0.05481784660506613,False,223
0.09748814393910797,-0.9436668929858008,0.7390221398729045,1.0732554112499855,0.38028090085883925,0.03660684002658021,1.2449167893879962,2.267707598368097,-2.2876321472284955,1.244378460020658,0.16996599999999998,0.38028090085883925,-0.047765680277014846,True,224
0.08647972568906785,1.5369462735363233,1.869507649864345,0.4796837887023899,0.7178917169964273,0.005007104830194478,0.3508556252505929,0.6056745533213332,-0.6055466923097491,0.3508198949193217,0.07498499999999998,0.7178917169964273,-0.0429896179834371,True,225
0.13175545847712608,1.31315646381353,1.3547865035711548,0.9344750161515794,1.2041741101593202,-0.0041220789605976174,0.6427436629130212,1.1590931170619865,-1.3145945051807146,0.6427304448055109,0.14996999999999996,1.2041741101593202,-0.06538400693171785,True,226
0.18549378676172315,-1.1625556150146403,1.6059934965012617,1.038147529668119,1.3417307003163546,0.0005919461787689493,1.0442924957593664,1.9799067412522822,-1.9923391416296992,1.044292327990131,0.16496699999999997,1.3417307003163546,-0.08849764014370935,True,227
0.20291632018265784,-1.3954155715271601,1.5376838234286263,1.2461703551401044,0.8582112413966049,0.009576571804410582,1.1302152428319183,1.885183122230467,-1.9151365348147789,1.1301746698639497,0.19995999999999997,0.8582112413966049,-0.10197123208791203,True,228
0.13172389088015396,0.6515609790493602,0.22025059762802077,1.1069004124587516,1.409709406341329,0.013233101124125332,1.7897561080551034,3.1378208832765884,-3.3502872180620553,1.7897071859260076,0.17496499999999998,1.409709406341329,-0.06388880439863416,True,229
0.06941146979309216,-1.4519464244375317,0.8799886545860717,1.1351187954998878,0.6271361684045291,-0.007561526700078413,1.415265969005668,2.501696801776295,-2.554987432376136,1.4152457688823932,0.17996399999999996,0.6271361684045291,-0.03091217962528767,True,230
0.15034289857407657,0.6986725092353994,1.6062792802513732,0.29286467639256464,0.6343970997168155,0.007885415529012126,0.4365590853924443,0.7866142463832791,-0.6408482735453018,0.4364878638182536,0.04499099999999999,0.6343970997168155,-0.07511416324186472,True,231
0.18957696564288512,-1.9163373581326923,1.9034725630303815,1.3534777579920576,0.7790051441056096,-0.02361963347223246,1.1190351915956187,1.9077337505789542,-1.905830393195757,1.1187858923601426,0.21495699999999995,0.7790051441056096,-0.09540157428077403,True,232
0.1400111475507653,-1.4109692722406648,0.22588450586211403,1.4257400732878434,1.3935805952846336,0.032418015781528496,2.2633908592715293,4.0892708812004015,-4.138397048347822,2.2631586895502265,0.06998599999999999,1.3935805952846336,0.21512115379350227,False,233
0.2397868655446171,-1.914182660313796,0.17404011569376673,1.1227852965635383,0.9025697758608431,3.250102619886746,3.274249039490897,4.419739375438389,0.1,0.3969127521412892,0.17996399999999996,0.9025697758608431,-0.11846116980835357,True,234
0.18584045712196368,1.5040993017759101,1.8059449974426205,1.9807299756070682,0.5670907940770661,-0.000151311713466695,0.1743059052234031,0.4687611479942062,-0.4265210015489785,0.17430583954794907,0.31493699999999997,0.5670907940770661,-0.09269136170066941,True,235
0.14587772357758996,1.9745172517534715,1.4306893108078986,0.30338284704081475,1.3733722298337245,-0.008461896783181181,0.4355934737230235,0.8756538163150669,-0.75804623465498,0.43551127500091336,0.04998999999999999,1.3733722298337245,-0.07286987176341145,True,236
0.1888350936399878,-1.225150992929899,0.7606852039765853,1.2397867257955024,1.013873021761256,-0.001855426706822864,1.548895681779027,2.667488725678025,-2.681334020502158,1.5488945704680652,0.19995999999999997,1.013873021761256,-0.09389141237918879,True,237
